JDQ4MTYyMiM1MSMkMSMkMCMkNzIkNDgxNzAyIzQxIyQxIyQ3IyQ5MiQzNjEwMDIjNDEjJDEjJDQjJDgz,강남365치과의원,소아치과,1,2,50,126.6567183,37.3809632,220000,인천,220007,인천연수구,"인천광역시 연수구 송도국제대로 157 5층 (송도동, 오네스타)",032-817-3650,,0
JDQ4MTYyMiM4MSMkMSMkMCMkNzIkMzgxMTkxIzExIyQxIyQ3IyQ4OSQzNjEwMDIjNTEjJDEjJDIjJDgz,경주엄마손어린이치과의원,소아치과,1,1,100,129.2169492,35.8487304,370000,경북,370100,경주시,경상북도 경주시 원화로 313 3층 (성동동),054-743-1275,,0
JDQ4MTYyMiM3MSMkMSMkMCMkNzIkMzgxOTYxIzUxIyQxIyQxIyQ5MiQzNjE0ODEjNTEjJDEjJDYjJDgz,곰돌이소아치과의원,소아치과,1,1,100,126.8755804,35.102112,240000,광주,240005,광주남구,광주광역시 남구 효천중앙로 64 3층 303호 (임암동),062-655-2279,,0
JDQ4MTYyMiM2MSMkMSMkMiMkNzIkMzgxOTYxIzUxIyQxIyQxIyQwMyQ0NjE0ODEjNjEjJDEjJDgjJDgz,관저키즈치과의원,소아치과,1,1,100,127.3385674,36.2967984,250000,대전,250003,대전서구,대전광역시 서구 구봉로 139 401~402호 (관저동),042-719-7528,,0
JDQ4MTYyMiM1MSMkMSMkMCMkNzIkNDgxNzAyIzUxIyQxIyQ1IyQ3OSQzNjEyMjIjNDEjJDEjJDQjJDgz,구월키즈웰치과의원,소아치과,1,1,100,126.700707,37.4440216,220000,인천,220006,인천남동구,인천광역시 남동구 인하로 485 뉴코아아울렛 인천점 11층 일부호 (구월동),032-719-8402,,0
JDQ4MTg4MSM1MSMkMSMkMCMkNzIkNTgxMzUxIzQxIyQxIyQ3IyQwMyQyNjE0ODEjNjEjJDEjJDgjJDgz,국방치과의원,소아치과,1,1,100,126.9775862,37.533667,110000,서울,110014,용산구,서울특별시 용산구 이태원로 22 (용산동3가),02-748-1186,,0
JDQ4MTYyMiM2MSMkMSMkNiMkNzIkMzgxMzUxIzQxIyQxIyQ3IyQxMyQzNjE0ODEjNTEjJDEjJDIjJDgz,군산사람사랑치과의원,소아치과,1,8,12.5,126.7140443,35.9642804,350000,전북,350100,군산시,"전라북도 군산시 수송로 167 1,2,3,4층 (수송동)",063-471-2275,http://www.sr10.co.kr/,0
JDQ4MTYyMiM2MSMkMSMkNiMkNzIkMzgxMzUxIzUxIyQxIyQxIyQ5MiQyNjEwMDIjNDEjJDEjJDQjJDgz,군산어린이치과의원,소아치과,2,2,100,126.7173375,35.9637696,350000,전북,350100,군산시,전라북도 군산시 수송로 198 (수송동),468-0275,,0
JDQ4MTYyMiM1MSMkMSMkMCMkNzIkNDgxNzAyIzIxIyQxIyQ1IyQ5MiQzNjE4MzIjNDEjJDEjJDgjJDgz,굿패밀리치과의원,소아치과,1,2,50,127.1500709,37.4726432,310000,경기,310401,성남수정구,경기도 성남시 수정구 위례동로 141 6층 (창곡동),031-759-2879,,0
JDQ4MTg4MSM1MSMkMSMkMCMkNzIkNTgxOTYxIzExIyQxIyQzIyQwMyQzNjE0ODEjNDEjJDEjJDQjJDgz,김지연소아치과치과의원,소아치과,1,1,100,127.0098751,37.5071118,110000,서울,110021,서초구,서울특별시 서초구 잠원로 24 반포자이플라자 5층 507호 (반포동),02-6953-2245,,0
JDQ4MTYyMiM1MSMkMSMkMCMkNzIkNDgxNzAyIzUxIyQxIyQ1IyQ5MiQyNjEyMjIjODEjJDEjJDIjJDgz,김포온어린이치과의원,소아치과,1,1,100,126.7318903,37.6108727,310000,경기,312300,김포시,경기도 김포시 풍무1로 61 4층 402호 (풍무동),031-983-2879,,0
JDQ4MTYyMiM1MSMkMSMkMCMkNzIkNDgxMTkxIzMxIyQxIyQzIyQ3OSQzNjE0ODEjNTEjJDEjJDIjJDgz,김포쥬니어소아치과치과의원,소아치과,1,1,100,126.6668124,37.6448607,310000,경기,312300,김포시,"경기도 김포시 김포한강4로 129 601,602호 (장기동, 하나썬시티)",031-986-7928,http://blog.naver.com/gpjunior,0
JDQ4MTYyMiM4MSMkMSMkNCMkNzIkMzgxOTYxIzUxIyQxIyQxIyQ4OSQ0NjE0ODEjNDEjJDEjJDQjJDgz,김해튼튼어린이치과의원,소아치과,1,1,100,128.8702228,35.2608956,380000,경남,380100,김해시,경상남도 김해시 삼계중앙로 47 3층 (삼계동),055-338-1275,,0
JDQ4MTYyMiM1MSMkMSMkMCMkNzIkNDgxMTkxIzMxIyQxIyQzIyQ3OSQ0NjEwMDIjNTEjJDEjJDYjJDgz,꼬마이치과의원,소아치과,1,2,50,126.76816,37.504538,310000,경기,310300,부천시,경기도 부천시 길주로 231 크리스탈빌딩 404호 (중동),032-255-4475,http://www.ggomateeth.com/,0
JDQ4MTYyMiM3MSMkMSMkMCMkNzIkMzgxOTYxIzMxIyQyIyQzIyQwMCQyNjE4MzIjNzEjJDEjJDgjJDgz,꼬마이치과의원,소아치과,1,1,100,127.6540322,34.7543181,360000,전남,360500,여수시,전라남도 여수시 장성3길 52 (안산동),061-685-2275,,0
JDQ4MTYyMiM1MSMkMSMkMCMkNzIkMzgxNzAyIzIxIyQxIyQxIyQ2MiQ0NjEwMDIjNzEjJDEjJDgjJDgz,꼬마이패밀리치과의원,소아치과,1,2,50,126.9330828,37.3600186,310000,경기,311400,군포시,"경기도 군포시 산본로 329 경원빌딩 601호,602일부호 (산본동)",1566-8683,,0
JDQ4MTYyMiM1MSMkMSMkMCMkNzIkNDgxNzAyIzIxIyQxIyQ1IyQ2MiQyNjE0ODEjNDEjJDEjJDgjJDgz,꿈꾸는 소아치과의원,소아치과,1,1,100,127.1109634,37.2073804,310000,경기,312500,화성시,"경기도 화성시 동탄순환대로 702 A동 401호 (영천동, 성산타워)",031-372-0770,,0
JDQ4MTYyMiM1MSMkMSMkMCMkNzIkNTgxMzUxIzExIyQxIyQzIyQ5OSQyNjE0ODEjNTEjJDEjJDYjJDgz,꿈꾸는소아치과의원,소아치과,1,1,100,126.9529603,37.2743275,310000,경기,310601,수원권선구,경기도 수원시 권선구 금곡로 205 해피라움 4층 412호 (금곡동),031-294-0275,,0
JDQ4MTYyMiM1MSMkMSMkMCMkNzIkNDgxNzAyIzMxIyQxIyQzIyQxMyQ0NjE0ODEjNjEjJDEjJDgjJDgz,꿈꾸는아이치과의원,소아치과,1,1,100,126.8095873,37.4712172,310000,경기,310300,부천시,"경기도 부천시 범안로 117 410호, 410-1호 (범박동, 현대리치모아)",032-345-1275,,0
JDQ4MTYyMiM4MSMkMSMkMCMkNzIkMzgxMTkxIzIxIyQxIyQ1IyQ5MiQzNjEyMjIjNzEjJDEjJDgjJDgz,꿈꾸는어린이치과의원,소아치과,1,1,100,128.7036711,36.5637746,370000,경북,370400,안동시,경상북도 안동시 광명로 191 4층 (옥동),054-855-1275,,0
JDQ4MTYyMiM4MSMkMSMkMCMkNzIkMzgxMTkxIzIxIyQxIyQ5IyQ5OSQ0NjEwMDIjNDEjJDEjJDgjJDgz,내아이처럼치과의원,소아치과,1,1,100,128.4653478,35.8581034,230000,대구,230100,대구달성군,대구광역시 달성군 다사읍 달구벌대로 877 4층 401호 (MB PLAZA),053-587-1275,,0
JDQ4MTYyMiM2MSMkMSMkMiMkNzIkMzgxOTYxIzMxIyQxIyQzIyQ5OSQzNjEwMDIjODEjJDEjJDYjJDgz,노은어린이치과의원,소아치과,1,1,100,127.3184267,36.3748013,250000,대전,250001,대전유성구,"대전광역시 유성구 노은로 170 (지족동,5층)",042-226-2275,,0
JDQ4MTAxMiM1MSMkMSMkMCMkNzIkMzgxMTkxIzExIyQxIyQ3IyQ5OSQzNjEyMjIjNTEjJDEjJDYjJDgz,대연어린이치과의원,소아치과,1,1,100,129.1015514,35.1374999,210000,부산,210001,부산남구,부산광역시 남구 수영로 324 리마크빌 대연 2층 205호 일부호 (대연동),051-791-1275,,0
JDQ4MTYyMiM1MSMkMSMkMCMkNzIkNTgxMzUxIzExIyQxIyQ3IyQxMyQyNjEyMjIjNzEjJDEjJDgjJDgz,더라인치과교정과치과의원,소아치과,1,2,50,127.2058051,37.2350825,310000,경기,312003,용인처인구,경기도 용인시 처인구 금령로 86 2층 201-2호 (김량장동),031-339-5557,,0
JDQ4MTYyMiM1MSMkMSMkMCMkNzIkNTgxMzUxIzExIyQyIyQ3IyQwMCQ0NjEwMDIjNDEjJDEjJDgjJDgz,도담주니어치과의원,소아치과,1,1,100,127.1141859,37.3279864,310000,경기,312002,용인수지구,"경기도 용인시 수지구 대지로 42 위드어반 203,204호 (죽전동)",031-264-7222,,0
JDQ4MTYyMiM4MSMkMSMkMCMkNzIkMzgxMTkxIzMxIyQxIyQzIyQ5OSQyNjEwMDIjNTEjJDEjJDIjJDgz,도레미키즈치과의원,소아치과,1,1,100,128.7240208,35.8353411,370000,경북,371000,경산시,경상북도 경산시 대학로 11 2층 201호 (중산동),053-802-1275,,0
JDQ4MTYyMiM2MSMkMSMkMiMkNzIkMzgxOTYxIzUxIyQxIyQxIyQ5MiQzNjE4MzIjNDEjJDEjJDgjJDgz,도안소아치과의원,소아치과,1,1,100,127.3469003,36.35179,250000,대전,250001,대전유성구,"대전광역시 유성구 계룡로 150 (봉명동, 승호빌딩 402호~3호)",042-864-7500,,0
JDQ4MTYyMiM2MSMkMSMkMiMkNzIkMzgxOTYxIzUxIyQyIyQ1IyQwMCQ0NjE0ODEjNjEjJDEjJDgjJDgz,도치소아치과의원,소아치과,1,1,100,127.2485508,36.4949847,410000,세종시,410000,세종시,세종특별자치시 다정중앙로 51 더다정빌딩 505호 (다정동),044-865-5200,,0
JDQ4MTAxMiM1MSMkMSMkMCMkNzIkMzgxOTYxIzUxIyQxIyQ1IyQwMyQ0NjEwMDIjNzEjJDEjJDgjJDgz,동래어린이치과의원,소아치과,1,1,100,129.084789,35.2217307,210000,부산,210003,부산동래구,부산광역시 동래구 온천장로 123-1 8층 (온천동),051-711-1275,,0
JDQ4MTYyMiM1MSMkMSMkMCMkNzIkNTgxMzUxIzIxIyQxIyQxIyQ3OSQyNjE0ODEjNDEjJDEjJDgjJDgz,동탄아이소망치과의원,소아치과,1,1,100,127.1072915,37.1665438,310000,경기,312500,화성시,경기도 화성시 동탄순환대로 127-9 우성애비뉴타워 6층 604~606호 (산척동),031-375-2911,,0
JDQ4MTYyMiM1MSMkMSMkMCMkNzIkNDgxNzAyIzIxIyQxIyQ1IyQ5OSQyNjE4MzIjNDEjJDEjJDgjJDgz,동탄어린이치과의원,소아치과,1,1,100,127.1141038,37.2001827,310000,경기,312500,화성시,"경기도 화성시 동탄대로시범길 148-16 4층 405호 (청계동, 명산프라자)",031-377-5275,,0
JDQ4MTYyMiM1MSMkMSMkMCMkNzIkNDgxNzAyIzIxIyQxIyQ1IyQ3MiQyNjEyMjIjNjEjJDEjJDQjJDgz,동탄키즈사랑소아치과의원,소아치과,1,1,100,127.0598696,37.209958,310000,경기,312500,화성시,"경기도 화성시 동탄지성로 144 3층 301호 (능동, 아이비타워)",031-8003-2274,,0
JDQ4MTYyMiM1MSMkMSMkMCMkNzIkNDgxOTYxIzUxIyQxIyQ1IyQ4OSQyNjE0ODEjNzEjJDEjJDgjJDgz,디자인 치과의원,소아치과,1,3,33.33333333,126.8689169,37.47397,310000,경기,310100,광명시,"경기도 광명시 디지털로 13 3층 (철산동, 한국빌딩)",2688-2822,http://dplusclinic.com/xe/network3,0
JDQ4MTYyMiM4MSMkMSMkMCMkNzIkMzgxMTkxIzIxIyQyIyQxIyQwMCQ0NjE0ODEjODEjJDEjJDIjJDgz,디지털온치과의원,소아치과,1,3,33.33333333,128.5326026,35.8168406,230000,대구,230007,대구달서구,"대구광역시 달서구 월배로 170 5,7층 (상인동)",053-642-1600,,0
JDQ4MTYyMiM3MSMkMSMkMCMkNzIkMzgxOTYxIzUxIyQxIyQxIyQ2MiQyNjEyMjIjNjEjJDEjJDQjJDgz,라스어린이치과의원,소아치과,1,1,100,126.7846457,35.0171245,360000,전남,360200,나주시,전라남도 나주시 중야2길 29 미래메디필빌딩 3층 (빛가람동),061-331-7000,,0
JDQ4MTYyMiM4MSMkMSMkNCMkNzIkMzgxOTYxIzIxIyQxIyQ1IyQ4MiQyNjEyMjIjNjEjJDEjJDQjJDgz,리틀원소아치과치과의원,소아치과,2,2,100,129.3336736,35.538944,260000,울산,260001,울산남구,"울산광역시 남구 삼산로 243 6층 (달동, 종범빌딩)",052-258-1275,http://www.littleone.co.kr,0
JDQ4MTYyMiM2MSMkMSMkMiMkNzIkMzgxOTYxIzUxIyQxIyQ1IyQ2MiQ0NjE0ODEjNTEjJDEjJDYjJDgz,맘애든어린이치과의원,소아치과,1,1,100,127.1086154,36.8170229,340000,충남,340201,천안서북구,충청남도 천안시 서북구 불당25로 178 에이블타워 5층 503호 (불당동),041-563-7522,,0
JDQ4MTYyMiM1MSMkMSMkMCMkNzIkNDgxOTYxIzExIyQyIyQzIyQwMCQzNjEyMjIjNTEjJDEjJDYjJDgz,메르덴쥬니어치과의원,소아치과,1,1,100,126.7522366,37.5037717,310000,경기,310300,부천시,"경기도 부천시 상동로 69 404,405호 (상동, 새롬프라자)",032-328-2879,,0
JDQ4MTAxMiM1MSMkMSMkMCMkNzIkMzgxOTYxIzUxIyQxIyQ1IyQ5OSQyNjEyMjIjNjEjJDEjJDgjJDgz,명지어린이치과의원,소아치과,1,1,100,128.9032461,35.083286,210000,부산,210012,부산강서구,부산광역시 강서구 명지오션시티4로 64 7층 701호 (명지동),051-291-1275,,0
JDQ4MTYyMiM4MSMkMSMkNCMkNzIkMzgxOTYxIzMxIyQxIyQzIyQwMyQ0NjEwMDIjNDEjJDEjJDQjJDgz,무거리틀원소아치과치과의원,소아치과,1,1,100,129.2663093,35.5520628,260000,울산,260001,울산남구,울산광역시 남구 북부순환도로 23 3층 (무거동),052-277-8200,,0
JDQ4MTYyMiM4MSMkMSMkNCMkNzIkMzgxMTkxIzExIyQxIyQzIyQ3OSQzNjE4MzIjODEjJDEjJDYjJDgz,물금어린이치과의원,소아치과,1,1,100,129.0024331,35.316942,380000,경남,381100,양산시,"경상남도 양산시 물금읍 청운로 181 조양타워2 702,703호",055-384-1275,,0
JDQ4MTYyMiM1MSMkMSMkMCMkNzIkNDgxOTYxIzIxIyQxIyQ5IyQ3OSQ0NjE0ODEjNTEjJDEjJDYjJDgz,미래꿈나무치과의원,소아치과,1,1,100,127.0426467,37.2147487,310000,경기,312500,화성시,"경기도 화성시 효행로 1059 미래프라자 503,504호 (진안동)",031-239-4482,,0
JDU4MTI3MSM1MSMkMSMkMCMkNzIkMzgxMzUxIzExIyQxIyQzIyQ4MiQyNjEwMDIjNDEjJDEjJDQjJDgz,미사주니어치과의원,소아치과,1,1,100,127.1851668,37.5680321,310000,경기,311300,하남시,"경기도 하남시 미사강변대로 206 603호 604호 (망월동, 리더스프라자)",031-793-2811,,0
JDQ4MTYyMiM4MSMkMSMkOCMkNzIkMzgxMzUxIzIxIyQxIyQxIyQ3MiQyNjE0ODEjNTEjJDEjJDYjJDgz,미소아치과치과의원,소아치과,1,1,100,126.5424856,33.4939484,390000,제주,390200,제주시,제주특별자치도 제주시 신설로6길 1 1층 (이도이동),064-759-2228,,0
JDQ4MTYyMiM1MSMkMSMkMCMkNzIkNDgxNzAyIzMxIyQxIyQ3IyQ4OSQ0NjEwMDIjNTEjJDEjJDIjJDgz,별내별가람 소아치과의원,소아치과,2,2,100,127.1166463,37.6677031,310000,경기,311500,남양주시,"경기도 남양주시 별내3로 340 304,305호 (별내동, 천보프라자)",569-2275,,0
JDQ4MTAxMiM1MSMkMSMkMCMkNzIkMzgxOTYxIzUxIyQxIyQ1IyQ4MiQyNjEwMDIjNzEjJDEjJDgjJDgz,봄봄어린이치과의원,소아치과,1,1,100,128.9188877,35.0978297,210000,부산,210012,부산강서구,부산광역시 강서구 명지국제8로 240 401호 (명지동),051-208-8275,,0
JDQ4MTYyMiM1MSMkMSMkMCMkNzIkNDgxNzAyIzUxIyQxIyQ1IyQ5MiQ0NjE0ODEjNzEjJDEjJDgjJDgz,비에프어린이치과의원,소아치과,1,2,50,126.9304894,37.3604898,310000,경기,311400,군포시,경기도 군포시 산본천로 62 인베스텔 406호 (산본동),031-341-2288,,0
JDQ4MTYyMiM2MSMkMSMkMiMkNzIkMzgxMTkxIzExIyQxIyQzIyQ3OSQyNjE4MzIjNDEjJDEjJDgjJDgz,비케이소아치과치과의원,소아치과,1,1,100,127.3768209,36.3494046,250000,대전,250003,대전서구,대전광역시 서구 대덕대로 179 엠제이피부과  굿모닝어학원 11층 1101일부호 (둔산동),042-719-7522,,0
JDQ4MTg4MSM1MSMkMSMkMCMkNzIkNDgxMTkxIzMxIyQxIyQzIyQ2MiQ0NjEwMDIjNzEjJDEjJDgjJDgz,사람사랑치과의원,소아치과,1,5,20,126.8638157,37.5267086,110000,서울,110020,양천구,서울특별시 양천구 목동로 203 2층 (신정동),02-2605-2275,,0
JDQ4MTAxMiM1MSMkMSMkMCMkNzIkMzgxOTYxIzMxIyQxIyQ3IyQ4MiQyNjE0ODEjNDEjJDEjJDQjJDgz,사직어린이치과의원,소아치과,1,1,100,129.0600902,35.1981387,210000,부산,210003,부산동래구,부산광역시 동래구 석사로 46 3층 (사직동),051-506-2879,http://www.nbkids.co.kr,0
JDQ4MTYyMiM1MSMkMSMkMCMkNzIkNDgxNzAyIzIxIyQxIyQ1IyQwMyQzNjE0ODEjNTEjJDEjJDYjJDgz,삼성바른아이치과의원,소아치과,1,1,100,126.9543297,37.2740719,310000,경기,310601,수원권선구,"경기도 수원시 권선구 금곡로 206 303호 (금곡동, 우성메디피아2)",031-278-2879,,0
JDQ4MTYyMiM2MSMkMSMkMiMkNzIkMzgxOTYxIzUxIyQxIyQxIyQ4OSQzNjE4MzIjNzEjJDEjJDgjJDgz,삼성온가족치과의원,소아치과,1,2,50,127.2481238,36.502816,410000,세종시,410000,세종시,"세종특별자치시 도움1로 106 510호 (종촌동, 메가시티)",044-865-2843,,0
JDQ4MTg4MSM1MSMkMSMkNCMkNzIkMzgxMzUxIzIxIyQxIyQ1IyQxMyQyNjEwMDIjNjEjJDEjJDgjJDgz,상도행복한아이치과의원,소아치과,1,1,100,126.9445858,37.5049583,110000,서울,110008,동작구,서울특별시 동작구 상도로 234 3층 (상도동),02-823-2882,,0
JDQ4MTYyMiM1MSMkMSMkMCMkNzIkNDgxOTYxIzQxIyQxIyQ3IyQ3OSQ0NjEwMDIjNDEjJDEjJDgjJDgz,상동21세기치과의원,소아치과,2,4,50,126.7553565,37.5062751,310000,경기,310300,부천시,"경기도 부천시 길주로 115 시그마타워 2층 203,204,205호 (상동)",032-324-0028,http://www.21dent.com,0
JDQ4MTYyMiM1MSMkMSMkOCMkNzIkMzgxMzUxIzQxIyQxIyQ3IyQwMyQ0NjEwMDIjODEjJDEjJDYjJDgz,새싹어린이치과의원,소아치과,1,1,100,127.4460695,36.6176311,330000,충북,330104,청주서원구,충청북도 청주시 서원구 복대로 5 3층 302호 (개신동),043-275-2275,,0
JDQ4MTYyMiM2MSMkMSMkNiMkNzIkMzgxMzUxIzUxIyQxIyQ1IyQ5OSQzNjE0ODEjNjEjJDEjJDAjJDgz,샘물소아치과의원,소아치과,1,2,50,127.111421,35.8155525,350000,전북,350401,전주완산구,전라북도 전주시 완산구 세내로 285 (효자동3가),063-285-7528,,0
JDQ4MTYyMiM1MSMkMSMkMCMkNzIkNTgxMzUxIzExIyQyIyQzIyQwMCQzNjE0ODEjNTEjJDEjJDYjJDgz,서울다산어린이치과의원,소아치과,1,3,33.33333333,127.1517293,37.622841,310000,경기,311500,남양주시,경기도 남양주시 다산중앙로123번길 21-7 신해센트럴타워  505호 (다산동),031-566-6400,,0
JDQ4MTg4MSM1MSMkMSMkNCMkNzIkMzgxMzUxIzMxIyQxIyQzIyQ4OSQ0NjE0ODEjODEjJDEjJDIjJDgz,서울더키즈치과의원,소아치과,1,1,100,126.9906595,37.4920013,110000,서울,110021,서초구,서울특별시 서초구 방배로 211 sm빌딩 2층 (방배동),02-535-2275,,0
JDQ4MTYyMiM1MSMkMSMkMCMkNzIkNDgxNzAyIzUxIyQxIyQ1IyQ2MiQzNjE0ODEjNTEjJDEjJDIjJDgz,서울매일치과의원,소아치과,1,4,25,127.0539603,37.0576314,310000,경기,311200,평택시,경기도 평택시 탄현로 58 3층 (서정동),031-662-2882,,0
JDQ4MTYyMiM2MSMkMSMkMiMkNzIkMzgxOTYxIzQxIyQxIyQ3IyQwMyQ0NjEwMDIjODEjJDEjJDIjJDgz,서울봄빛치과의원,소아치과,1,3,33.33333333,127.2624604,36.5082343,410000,세종시,410000,세종시,"세종특별자치시 절재로 194 중앙타운 401,402,405호 (어진동)",044-867-1575,,0
JDQ4MTYyMiM4MSMkMSMkMCMkNzIkMzgxMTkxIzMxIyQxIyQzIyQ3OSQzNjE4MzIjNzEjJDEjJDgjJDgz,서울부부치과의원,소아치과,1,2,50,129.4007959,35.9702201,370000,경북,370701,포항남구,경상북도 포항시 남구 오천읍 남원로 81 3층 304외2호,054-701-2277,,0
JDQ4MTYyMiM1MSMkMSMkMCMkNzIkNDgxNzAyIzMxIyQxIyQ3IyQxMyQyNjE4MzIjNDEjJDEjJDgjJDgz,서울아페리온치과의원,소아치과,1,4,25,126.7489215,37.4248367,220000,인천,220006,인천남동구,"인천광역시 남동구 서창남순환로 223 A동 4층 402,403,404호 (서창동, 아페리온)",032-225-2828,,0
JDQ4MTg4MSM1MSMkMSMkMCMkNzIkNDgxNzAyIzIxIyQxIyQ1IyQwMyQyNjE0ODEjNjEjJDEjJDQjJDgz,서울에스치과의원,소아치과,1,2,50,127.0842018,37.5120894,110000,서울,110018,송파구,서울특별시 송파구 올림픽로 119 잠실파인애플상가 4층 23~24호 (잠실동),02-2202-7528,http://www.sorthodontic.com,0
JDQ4MTYyMiM1MSMkMSMkMCMkNzIkNTgxMzUxIzExIyQxIyQ3IyQ3OSQzNjEwMDIjNjEjJDEjJDgjJDgz,서울웃는아이소아치과의원,소아치과,1,1,100,126.7368835,37.3453418,310000,경기,311700,시흥시,경기도 시흥시 중심상가3길 10 4층 402~403호 (정왕동),031-313-2877,,0
JDQ4MTYyMiM1MSMkMSMkMCMkNzIkNDgxMTkxIzMxIyQxIyQ3IyQ5OSQzNjE4MzIjODEjJDEjJDIjJDgz,서울주니어스치과의원,소아치과,2,4,50,126.7359063,37.7284902,310000,경기,312200,파주시,"경기도 파주시 청암로17번길 31 204,205,206호 (목동동)",031-947-9200,http://www.juniorsdent.com,0
JDQ4MTg4MSM1MSMkMSMkMCMkNzIkNTgxMzUxIzExIyQyIyQ3IyQwMCQyNjEyMjIjODEjJDEjJDIjJDgz,서울주니어치과의원,소아치과,1,1,100,126.8972935,37.4599811,110000,서울,110025,금천구,"서울특별시 금천구 시흥대로 291 246,248,249,250호 (독산동, 금천롯데캐슬골드파크3차)",02-6964-7331,,0
JDQ4MTYyMiM1MSMkMSMkMCMkNzIkNDgxNzAyIzIxIyQxIyQ5IyQxMyQzNjE4MzIjNDEjJDEjJDgjJDgz,서울쥬니어치과의원,소아치과,1,1,100,127.4458781,37.2785332,310000,경기,312100,이천시,"경기도 이천시 중리천로 76 2층 (중리동, 라온팰리스)",636-3360,,0
JDQ4MTYyMiM1MSMkMSMkMCMkNzIkNDgxNzAyIzIxIyQxIyQ1IyQ2MiQzNjEwMDIjNTEjJDEjJDIjJDgz,서울진접소아치과의원,소아치과,1,1,100,127.1864721,37.7117942,310000,경기,311500,남양주시,"경기도 남양주시 진접읍 해밀예당1로 30 402,403호 (센타프라자)",031-571-2833,,0
JDQ4MTYyMiM1MSMkMSMkMCMkNzIkNDgxNzAyIzIxIyQxIyQxIyQ2MiQyNjE0ODEjNjEjJDEjJDQjJDgz,서울진치과의원,소아치과,1,4,25,126.8514116,37.4736653,310000,경기,310100,광명시,경기도 광명시 광명로 831 2층 (광명동),02-2615-2870,,0
JDQ4MTAxMiM1MSMkMSMkMCMkNzIkMzgxOTYxIzUxIyQxIyQ1IyQ5MiQyNjEwMDIjNjEjJDEjJDAjJDgz,서울참어린이치과의원,소아치과,1,1,100,129.1776778,35.1695768,210000,부산,210009,부산해운대구,"부산광역시 해운대구 해운대로 814 407,408호 (좌동, 세종월드프라자)",051-701-2879,,0
JDQ4MTYyMiM1MSMkMSMkMCMkNzIkNDgxMzUxIzIxIyQxIyQ1IyQ5MiQ0NjEwMDIjNDEjJDEjJDgjJDgz,서울키즈파파치과의원,소아치과,2,2,100,127.1083309,37.350748,310000,경기,310403,성남분당구,"경기도 성남시 분당구 성남대로 165 303~305호 (금곡동, 천사의도시)",031-782-4188,http://www.kidspapa.com,0
JDQ4MTg4MSM1MSMkMSMkMCMkNzIkNDgxMTkxIzExIyQxIyQ3IyQ5OSQzNjEyMjIjNTEjJDEjJDIjJDgz,서울토토치과의원,소아치과,1,1,100,127.0632457,37.50003,110000,서울,110001,강남구,"서울특별시 강남구 도곡로 521 (대치동, 대치플라자 203호)",02-539-1106.7,,0
JDQ4MTg4MSM1MSMkMSMkMCMkNzIkNTgxMzUxIzMxIyQxIyQ3IyQ5MiQzNjE0ODEjNjEjJDEjJDQjJDgz,서울튼튼키즈치과의원,소아치과,2,2,100,127.1396235,37.5359351,110000,서울,110002,강동구,서울특별시 강동구 양재대로 1458 (길동),02-470-2179,,0
JDQ4MTYyMiM1MSMkMSMkMCMkNzIkNDgxNzAyIzExIyQxIyQ3IyQ2MiQzNjE4MzIjNjEjJDEjJDgjJDgz,서울햇빛어린이치과의원,소아치과,1,2,50,127.0743267,37.1483275,310000,경기,311800,오산시,경기도 오산시 운천로 61 (오산동),031-378-3344,,0
JDQ4MTg4MSM1MSMkMSMkNCMkNzIkMzgxMzUxIzExIyQxIyQ3IyQxMyQzNjEwMDIjNjEjJDEjJDgjJDgz,서울행복한아이치과의원,소아치과,1,1,100,126.8170516,37.5669962,110000,서울,110003,강서구,"서울특별시 강서구 방화대로 294 4층 407호 (마곡동, 마곡더블유타워)",02-6737-2875,,0
JDQ4MTYyMiM4MSMkMSMkNCMkNzIkMzgxOTYxIzMxIyQxIyQ3IyQ2MiQyNjE4MzIjODEjJDEjJDIjJDgz,성심치과의원,소아치과,1,1,100,129.3436731,35.5596067,260000,울산,260003,울산중구,울산광역시 중구 염포로 19 (남외동),294-2288,http://www.ss2288.com/,0
JDQ4MTYyMiM2MSMkMSMkMiMkNzIkMzgxMTkxIzExIyQxIyQzIyQ5OSQyNjEwMDIjNDEjJDEjJDQjJDgz,세종스타치과의원,소아치과,1,6,16.66666667,127.2577621,36.4900983,410000,세종시,410000,세종시,"세종특별자치시 나성로 125-16 7~8층 (나성동, 스타타워)",044-905-2222,,0
JDQ4MTYyMiM2MSMkMSMkMiMkNzIkMzgxOTYxIzIxIyQxIyQxIyQwMyQzNjE4MzIjNDEjJDEjJDQjJDgz,세종프라임치과의원,소아치과,1,2,50,127.2610942,36.5081479,410000,세종시,410000,세종시,"세종특별자치시 한누리대로 499 402호 (어진동, 세종미디어프라자)",044-868-3522,,0
JDQ4MTAxMiM1MSMkMSMkMCMkNzIkMzgxMTkxIzExIyQxIyQzIyQ2MiQzNjE0ODEjNjEjJDEjJDQjJDgz,센텀어린이치과의원,소아치과,1,1,100,129.1235492,35.1790549,210000,부산,210009,부산해운대구,"부산광역시 해운대구 센텀중앙로 142 상가1동 202호 (재송동, 더샵센텀파크2차아파트)",051-747-2855,,0
JDQ4MTYyMiM4MSMkMSMkOCMkNzIkMzgxMzUxIzIxIyQxIyQ1IyQ5OSQyNjE0ODEjODEjJDEjJDIjJDgz,수목원소아치과치과의원,소아치과,1,1,100,126.486045,33.4692059,390000,제주,390200,제주시,제주특별자치도 제주시 수목원길 12 1층 (노형동),064-711-7710,,0
JDQ4MTYyMiM4MSMkMSMkMCMkNzIkMzgxMTkxIzMxIyQxIyQ3IyQ3OSQyNjE0ODEjNjEjJDEjJDgjJDgz,수성아이치과의원,소아치과,1,1,100,128.6227395,35.8311913,230000,대구,230005,대구수성구,대구광역시 수성구 동대구로 9 6층 (두산동),053-741-2288,,0
JDQ4MTAxMiM1MSMkMSMkMCMkNzIkMzgxOTYxIzUxIyQxIyQ1IyQ3MiQyNjEwMDIjNDEjJDEjJDQjJDgz,수영어린이치과의원,소아치과,1,2,50,129.1147627,35.1667589,210000,부산,210014,부산수영구,"부산광역시 수영구 수영로 685 6층 (광안동, 영동빌딩)",051-784-7575,,0
JDQ4MTYyMiM1MSMkMSMkMCMkNzIkNDgxNzAyIzIxIyQxIyQxIyQ5MiQyNjEyMjIjNTEjJDEjJDYjJDgz,수지예치과의원,소아치과,1,5,20,127.0797429,37.3126846,310000,경기,312002,용인수지구,"경기도 용인시 수지구 수지로 124 성복스퀘어/근린생활시설 405호~408호,501호~508호 (성복동)",1833-2828,,0
JDQ4MTYyMiM2MSMkMSMkMiMkNzIkMzgxOTYxIzQxIyQxIyQ3IyQxMyQyNjE4MzIjNjEjJDEjJDgjJDgz,아산포유치과의원,소아치과,1,2,50,127.0183725,36.7784508,340000,충남,340500,아산시,충청남도 아산시 온천대로 1626-3 포유치과 4층 (풍기동),041-547-2204,,0
JDQ4MTYyMiM1MSMkMSMkMCMkNzIkNDgxNzAyIzIxIyQxIyQ1IyQ2MiQzNjEyMjIjNDEjJDEjJDgjJDgz,아이가행복한치과의원,소아치과,1,1,100,127.1117759,37.2811344,310000,경기,312001,용인기흥구,경기도 용인시 기흥구 구갈로 74 구갈스포츠센타 (구갈동),031-284-5275,,0
JDQ4MTYyMiM1MSMkMSMkMCMkNzIkNTgxMzUxIzExIyQxIyQzIyQ5MiQyNjEwMDIjODEjJDEjJDIjJDgz,아이끌림치과의원,소아치과,1,1,100,127.0982637,37.1973592,310000,경기,312500,화성시,경기도 화성시 동탄대로 489 우성KTX 708호 (오산동),031-8019-7542,,0
JDQ4MTYyMiM1MSMkMSMkMCMkNzIkNTgxMzUxIzIxIyQxIyQxIyQ5OSQyNjEyMjIjNTEjJDEjJDIjJDgz,아이마음어린이치과의원,소아치과,1,2,50,126.7480493,37.4262867,220000,인천,220006,인천남동구,인천광역시 남동구 서창남로 81 투엠프라자 4층 404-406호 (서창동),032-231-2828,,0
JDQ4MTYyMiM1MSMkMSMkMCMkNzIkNDgxMzUxIzUxIyQxIyQxIyQxMyQyNjEwMDIjNDEjJDEjJDgjJDgz,아이미소소아치과의원,소아치과,1,1,100,127.1430315,37.6022305,310000,경기,311000,구리시,경기도 구리시 경춘로 253 다우스퀘어 402호 (인창동),031-562-7528,,0
JDQ4MTYyMiM4MSMkMSMkMCMkNzIkMzgxMTkxIzMxIyQxIyQzIyQxMyQzNjEyMjIjNjEjJDEjJDAjJDgz,아이미소키즈치과의원,소아치과,1,1,100,128.7197706,35.8287306,370000,경북,371000,경산시,"경상북도 경산시 펜타힐즈2로 57 4층 401,402호 (중산동)",053-716-1275,,0
JDQ4MTYyMiM1MSMkMSMkMCMkNzIkNTgxMzUxIzIxIyQxIyQxIyQwMyQyNjE4MzIjNjEjJDEjJDAjJDgz,아이반짝소아치과의원,소아치과,1,1,100,127.2339878,37.3859766,310000,경기,312600,광주시,경기도 광주시 태전동로 29 4층 402호 (태전동),031-765-2212,,0
JDQ4MTYyMiM4MSMkMSMkNCMkNzIkMzgxMTkxIzExIyQxIyQzIyQxMyQyNjEwMDIjNjEjJDEjJDQjJDgz,아이봄치과의원,소아치과,1,1,100,128.0610793,35.1709072,380000,경남,380500,진주시,경상남도 진주시 새평거로 129 4층 (평거동),055-772-6070,,0
JDQ4MTYyMiM1MSMkMSMkMCMkNzIkNDgxNzAyIzIxIyQxIyQ5IyQ5OSQyNjEwMDIjNDEjJDEjJDgjJDgz,아이사랑치과의원,소아치과,1,1,100,126.7211007,37.4983356,220000,인천,220003,인천부평구,인천광역시 부평구 부흥로 264 (부평동),032-504-6775,,0
JDQ4MTYyMiM2MSMkMSMkMiMkNzIkMzgxOTYxIzUxIyQxIyQxIyQ5MiQ0NjE0ODEjODEjJDEjJDYjJDgz,아이사랑치과의원,소아치과,1,2,50,126.4655369,36.7848247,340000,충남,340600,서산시,"충청남도 서산시 고운로 275-5 4층 (동문동, 동문프라자)",041-663-0006,,0
JDQ4MTYyMiM4MSMkMSMkNCMkNzIkMzgxOTYxIzUxIyQxIyQ1IyQ2MiQyNjE4MzIjNzEjJDEjJDgjJDgz,아이사랑치과의원,소아치과,1,1,100,128.6811056,35.2223828,380000,경남,380705,창원성산구,"경상남도 창원시 성산구 중앙대로100번길 14 (상남동, 스타타워즈오피스텔201,202,203호)",055-287-8528,,0
JDQ4MTYyMiM4MSMkMSMkNCMkNzIkMzgxOTYxIzUxIyQxIyQxIyQ5OSQzNjE0ODEjNjEjJDEjJDAjJDgz,아이샘치과의원,소아치과,1,1,100,129.35127,35.6286805,260000,울산,260004,울산북구,울산광역시 북구 호계로 286 3층 (호계동),052-293-1275,,0
JDQ4MTg4MSM1MSMkMSMkMCMkNzIkNDgxMzUxIzMxIyQxIyQzIyQ3MiQyNjEwMDIjODEjJDEjJDIjJDgz,아이세상치과의원,소아치과,1,1,100,127.1237896,37.5380133,110000,서울,110002,강동구,서울특별시 강동구 천호대로 1006 302~304호 (성내동),02-473-2275,http://www.kizkizkiz.com/,0
JDQ4MTYyMiM1MSMkMSMkMCMkNzIkNDgxMTkxIzUxIyQyIyQxIyQwMCQyNjEyMjIjNzEjJDEjJDgjJDgz,아이숲치과의원,소아치과,1,1,100,127.0731005,37.1434245,310000,경기,311800,오산시,경기도 오산시 경기대로 209 3층 (원동),031-375-1275,,0
JDQ4MTYyMiM1MSMkMSMkNCMkNzIkMzgxMzUxIzQxIyQxIyQ3IyQ3MiQyNjEyMjIjNjEjJDEjJDgjJDgz,아이앤맘어린이치과의원,소아치과,1,1,100,128.8990071,37.7583465,320000,강원,320100,강릉시,"강원도 강릉시 옥가로 21 2층 (옥천동, 지산빌딩)",033-643-2827,,0
JDQ4MTYyMiM1MSMkMSMkMCMkNzIkNTgxMzUxIzExIyQxIyQzIyQ5MiQyNjE0ODEjNDEjJDEjJDQjJDgz,아이자람어린이치과의원,소아치과,1,1,100,127.1429284,37.4727085,310000,경기,310401,성남수정구,경기도 성남시 수정구 위례광장로 310 우성트램타워 A동 410호 (창곡동),031-752-0428,,0
JDQ4MTYyMiM1MSMkMSMkNCMkNzIkMzgxMzUxIzQxIyQxIyQ3IyQ2MiQzNjE0ODEjNjEjJDEjJDQjJDgz,아이조은치과의원,소아치과,1,1,100,128.8775335,37.7649268,320000,강원,320100,강릉시,강원도 강릉시 교동광장로 115 3층 (교동),033-642-2879,,0
JDQ4MTYyMiM4MSMkMSMkMCMkNzIkMzgxOTYxIzQxIyQxIyQ3IyQ4MiQzNjEyMjIjNDEjJDEjJDQjJDgz,아이큰숲치과의원,소아치과,3,6,50,128.6276421,35.8594375,230000,대구,230005,대구수성구,대구광역시 수성구 달구벌대로 2421 6층 (범어동),053-759-1275,http://www.kidstree.co.kr/,0
JDQ4MTYyMiM3MSMkMSMkMCMkNzIkMzgxOTYxIzUxIyQxIyQxIyQwMyQyNjE4MzIjNTEjJDEjJDIjJDgz,아이틴주니어치과의원,소아치과,1,1,100,127.5493236,34.9340763,360000,전남,360400,순천시,전라남도 순천시 해룡면 신대로 118 4층 402호,061-721-2275,,0
JDQ4MTYyMiM1MSMkMSMkMCMkNzIkNDgxNzAyIzQxIyQxIyQ3IyQ2MiQzNjEyMjIjNjEjJDEjJDgjJDgz,안양어린이치과의원,소아치과,1,1,100,126.9354443,37.3991502,310000,경기,310702,안양동안구,"경기도 안양시 동안구 관악대로 103 508호 (비산동, 103에비뉴)",031-449-2879,,0
JDQ4MTYyMiM3MSMkMSMkMCMkNzIkMzgxOTYxIzQxIyQyIyQ3IyQwMCQzNjEwMDIjNjEjJDEjJDgjJDgz,안하나어린이치과의원,소아치과,1,1,100,126.8720056,35.1798499,240000,광주,240002,광주북구,광주광역시 북구 서강로 89 3층 301호 (운암동),062-511-2875,,0
JDQ4MTg4MSM1MSMkMSMkNCMkNzIkMzgxMzUxIzMxIyQxIyQzIyQ3OSQzNjE4MzIjNTEjJDEjJDIjJDgz,앙쥬소아치과치과의원,소아치과,1,1,100,126.9446458,37.5422665,110000,서울,110009,마포구,서울특별시 마포구 큰우물로 53 마포 네이버타운 201호 (염리동),02-714-2279,,0
JDQ4MTYyMiM4MSMkMSMkNCMkNzIkMzgxMTkxIzExIyQyIyQ3IyQwMCQ0NjE0ODEjNjEjJDEjJDQjJDgz,양산아이들치과의원,소아치과,1,1,100,129.0169034,35.3272281,380000,경남,381100,양산시,경상남도 양산시 물금읍 청운로 354 305호,055-785-2080,,0
JDQ4MTg4MSM1MSMkMSMkMCMkNzIkNDgxMTkxIzMxIyQxIyQzIyQ5OSQyNjEyMjIjNjEjJDEjJDQjJDgz,어린왕자치과의원,소아치과,1,1,100,126.8972733,37.5682553,110000,서울,110009,마포구,"서울특별시 마포구 월드컵로 240 지하1층 1호 (성산동, 서울월드컵경기장)",376-5275,http://www.princedent.co.kr,0
JDQ4MTYyMiM2MSMkMSMkMiMkNzIkMzgxOTYxIzMxIyQxIyQzIyQ4OSQ0NjE0ODEjNjEjJDEjJDgjJDgz,에이케이플란트치과의원,소아치과,2,9,22.22222222,127.4559283,36.3060427,250000,대전,250004,대전동구,"대전광역시 동구 은어송로 58 3,4,5,6층 (가오동, 가오동,글로리아타워)",042-274-2879,http://www.yemidamdj.co.kr/,0
JDQ4MTYyMiM1MSMkMSMkMCMkNzIkNDgxMTkxIzIxIyQxIyQ5IyQ4OSQyNjE0ODEjNDEjJDEjJDgjJDgz,엔와이유어린이치과의원,소아치과,2,2,100,126.8334309,37.6336671,310000,경기,311901,고양덕양구,경기도 고양시 덕양구 화신로260번길 66 한빛 하이죤 8층 801호 (화정동),031-938-9075,http://www.nyukidsdent.co.kr/main/ko/index.html,0
JDQ4MTYyMiM1MSMkMSMkMCMkNzIkNTgxMzUxIzExIyQxIyQ3IyQ5MiQzNjE0ODEjODEjJDEjJDYjJDgz,연세꿈꾸는아이치과의원,소아치과,1,1,100,127.1919889,37.5607552,310000,경기,311300,하남시,경기도 하남시 미사강변남로 91 르보아파크 Ⅱ 4층 428~431호 (망월동),031-8028-2875,,0
JDQ4MTg4MSM1MSMkMSMkMCMkNzIkNTgxOTYxIzIxIyQxIyQxIyQ3OSQzNjEyMjIjNDEjJDEjJDgjJDgz,연세도아소아치과치과의원,소아치과,1,1,100,126.8894776,37.5105879,110000,서울,110005,구로구,"서울특별시 구로구 경인로67길 23 209호 (신도림동, 신도림2차푸르지오)",02-2677-2891,,0
JDQ4MTg4MSM1MSMkMSMkNCMkNzIkMzgxMzUxIzIxIyQxIyQ1IyQ4OSQzNjEwMDIjNDEjJDEjJDgjJDgz,연세메이트치과의원,소아치과,1,5,20,127.1435401,37.5499778,110000,서울,110002,강동구,"서울특별시 강동구 양재대로 1619 가야빌딩 3,4층 (천호동)",02-472-7528,http://www.yonseimate.co.kr/,0
JDQ4MTYyMiM1MSMkMSMkMCMkNzIkNDgxOTYxIzMxIyQxIyQ3IyQ5MiQ0NjEwMDIjNjEjJDEjJDQjJDgz,연세별소아치과치과의원,소아치과,1,1,100,127.0956956,37.3273711,310000,경기,312002,용인수지구,경기도 용인시 수지구 수지로342번길 11 303호 (풍덕천동),031-264-2642,www.starkidsdental.co.kr,0
JDQ4MTYyMiM1MSMkMSMkMCMkNzIkNTgxMzUxIzExIyQxIyQ3IyQ3MiQyNjE4MzIjNjEjJDEjJDgjJDgz,연세새빛치과의원,소아치과,1,3,33.33333333,127.0677731,37.2925374,310000,경기,310604,수원영통구,"경기도 수원시 영통구 광교중앙로 254 드림타워3 304호,305호404호,405호 (하동)",031-308-7588,,0
JDQ4MTg4MSM1MSMkMSMkMCMkNzIkNTgxMzUxIzUxIyQxIyQ1IyQ4MiQzNjE0ODEjNzEjJDEjJDgjJDgz,연세아이소망치과의원,소아치과,1,1,100,126.9123057,37.5708721,110000,서울,110010,서대문구,서울특별시 서대문구 수색로 56 성공타워1 4층 409호 (북가좌동),02-304-2876,,0
JDQ4MTYyMiM1MSMkMSMkMCMkNzIkNDgxNzAyIzIxIyQxIyQ1IyQwMyQzNjEwMDIjNDEjJDEjJDgjJDgz,연세아이웃음꽃치과의원,소아치과,1,1,100,126.8903406,37.6639727,310000,경기,311901,고양덕양구,"경기도 고양시 덕양구 권율대로 899 3층 301, 302호 (신원동)",02-6338-2828,,0
JDQ4MTYyMiM1MSMkMSMkMCMkNzIkNDgxNzAyIzUxIyQyIyQ1IyQwMCQzNjEwMDIjNTEjJDEjJDYjJDgz,연세아이웰치과의원,소아치과,1,1,100,126.6460218,37.3789144,220000,인천,220007,인천연수구,인천광역시 연수구 인천타워대로54번길 9 에몬스프라자 205호 (송도동),032-233-2828,,0
JDQ4MTYyMiM1MSMkMSMkMCMkNzIkNDgxNzAyIzIxIyQxIyQ5IyQ3OSQzNjEyMjIjODEjJDEjJDIjJDgz,연세어린이치과의원,소아치과,2,2,100,126.9774363,37.3899475,310000,경기,311600,의왕시,"경기도 의왕시 포일로 43 305호 (내손동, 대림프라자)",031-421-2872,,0
JDQ4MTYyMiM1MSMkMSMkMCMkNzIkNDgxMTkxIzUxIyQxIyQxIyQxMyQzNjEyMjIjNTEjJDEjJDYjJDgz,연세웃는아이치과의원,소아치과,1,2,50,126.9625171,37.3622378,310000,경기,310702,안양동안구,"경기도 안양시 동안구 경수대로 428 304,305호 (호계동, 덕유파크)",031-459-2879,,0
JDQ4MTg4MSM1MSMkMSMkMCMkNzIkNDgxOTYxIzQxIyQxIyQ3IyQ5OSQzNjE4MzIjNTEjJDEjJDYjJDgz,연세웰주니어치과의원,소아치과,2,3,66.66666667,127.144344,37.5517613,110000,서울,110002,강동구,서울특별시 강동구 양재대로 1638 3층 (명일동),02-442-2828,,0
JDQ4MTYyMiM1MSMkMSMkMCMkNzIkNTgxMzUxIzExIyQxIyQ3IyQ3OSQzNjE0ODEjODEjJDEjJDIjJDgz,연세웰키즈치과의원,소아치과,1,1,100,127.1427026,37.4734648,310000,경기,310401,성남수정구,경기도 성남시 수정구 위례광장로 300 위례중앙역 중앙타워 7층 705호 (창곡동),031-722-2528,,0
JDQ4MTg4MSM1MSMkMSMkMCMkNzIkNTgxMzUxIzQxIyQxIyQ3IyQxMyQzNjE4MzIjNDEjJDEjJDgjJDgz,연세키즈사랑치과의원,소아치과,1,1,100,127.1407633,37.5544756,110000,서울,110002,강동구,"서울특별시 강동구 고덕로 140 프라이어팰리스 상가동 306호,307호 (암사동)",02-428-2878,,0
JDQ4MTg4MSM1MSMkMSMkMCMkNzIkNDgxNzAyIzUxIyQxIyQ1IyQ5MiQyNjE4MzIjNDEjJDEjJDgjJDgz,연세키즈앤틴즈치과의원,소아치과,1,1,100,127.0114788,37.501898,110000,서울,110021,서초구,"서울특별시 서초구 서초중앙로 227 5층 (반포동, 진일빌딩)",02-592-2879,http://www.kidsnteens.co.kr/,0
JDQ4MTYyMiM1MSMkMSMkMCMkNzIkNTgxMzUxIzExIyQxIyQ3IyQxMyQzNjE0ODEjNTEjJDEjJDYjJDgz,연소아치과의원,소아치과,1,1,100,127.1185789,37.1711527,310000,경기,312500,화성시,경기도 화성시 동탄순환대로 263 풍산리치안 408호 (산척동),031-8043-1179,,0
JDQ4MTYyMiM1MSMkMSMkMCMkNzIkNTgxMzUxIzExIyQxIyQzIyQwMyQzNjEyMjIjNjEjJDEjJDgjJDgz,영통주니어치과의원,소아치과,1,1,100,127.056298,37.2396213,310000,경기,310604,수원영통구,경기도 수원시 영통구 영통로 136 센트럴타워 207호 (망포동),031-204-0061,,0
JDQ4MTYyMiM4MSMkMSMkNCMkNzIkMzgxOTYxIzMxIyQxIyQ3IyQ5MiQyNjEwMDIjNTEjJDEjJDYjJDgz,오즈어린이치과의원,소아치과,1,1,100,128.8669673,35.2343237,380000,경남,380100,김해시,"경상남도 김해시 내외중앙로 50 501,502호 (외동, 정우센타빌딩)",055-336-2875,,0
JDQ4MTYyMiM1MSMkMSMkOCMkNzIkMzgxMzUxIzUxIyQxIyQxIyQ5OSQzNjE4MzIjNjEjJDEjJDQjJDgz,오창어린이치과의원,소아치과,1,1,100,127.4286115,36.7115946,330000,충북,330103,청주청원구,충청북도 청주시 청원구 오창읍 중심상업로 7 오창프라자1 2층 205호,043-216-2755,,0
JDQ4MTYyMiM2MSMkMSMkNiMkNzIkMzgxOTYxIzExIyQxIyQzIyQ3OSQyNjE4MzIjNDEjJDEjJDQjJDgz,온가족치과의원,소아치과,1,2,50,127.1140918,35.8057563,350000,전북,350401,전주완산구,"전라북도 전주시 완산구 용머리로 34 하나은행 2,3층 (효자동1가)",063-286-2200,,0
JDQ4MTg4MSM1MSMkMSMkMCMkNzIkNTgxMzUxIzIxIyQxIyQ1IyQ2MiQzNjE0ODEjNjEjJDEjJDAjJDgz,우리가족치과의원,소아치과,1,2,50,126.8395024,37.4861761,110000,서울,110005,구로구,"서울특별시 구로구 오류로 20 새롬스타빌 302,303층 (천왕동)",02-2611-2835,,0
JDQ4MTYyMiM4MSMkMSMkNCMkNzIkMzgxMTkxIzExIyQxIyQzIyQwMyQyNjE4MzIjNjEjJDEjJDAjJDgz,우리아이바른이 어린이치과의원,소아치과,1,1,100,129.0027808,35.3162602,380000,경남,381100,양산시,"경상남도 양산시 물금읍 청운로 178 아르누보시티 4층 407, 408호",055-912-2875,,0
JDQ4MTYyMiM4MSMkMSMkMCMkNzIkMzgxMTkxIzIxIyQxIyQ1IyQ3MiQyNjEyMjIjNDEjJDEjJDQjJDgz,우리아이치과의원,소아치과,1,1,100,129.3418135,36.0188481,370000,경북,370701,포항남구,"경상북도 포항시 남구 대이로 39 (대잠동, 이화빌딩 6층)",054-701-1275,,0
JDQ4MTYyMiM1MSMkMSMkMCMkNzIkNDgxNzAyIzMxIyQyIyQ3IyQwMCQ0NjEwMDIjNzEjJDEjJDgjJDgz,원흥탑치과의원,소아치과,1,4,25,126.8954089,37.1678333,310000,경기,311901,고양덕양구,"경기도 고양시 덕양구 권율대로 685 301,302,401,402호 (원흥동)",031-963-2875,http://www.whtop.co.kr,0
JDQ4MTYyMiM1MSMkMSMkMCMkNzIkNDgxNzAyIzMxIyQxIyQzIyQ3MiQzNjEyMjIjNDEjJDEjJDgjJDgz,위례어린이치과의원,소아치과,1,1,100,127.1429497,37.4722451,310000,경기,310401,성남수정구,"경기도 성남시 수정구 위례광장로 320 606호 (창곡동, 아이에스센트럴타워)",031-752-2879,,0
JDQ4MTYyMiM4MSMkMSMkNCMkNzIkMzgxMTkxIzExIyQxIyQ3IyQ3MiQ0NjEwMDIjODEjJDEjJDIjJDgz,율하어린이치과의원,소아치과,1,1,100,128.8147334,35.1719281,380000,경남,380100,김해시,"경상남도 김해시 율하3로 46 3층 301호 (율하동, 드림프라자)",055-903-1275,,0
JDQ4MTYyMiM1MSMkMSMkMCMkNzIkNTgxMzUxIzExIyQxIyQ3IyQxMyQ0NjE0ODEjNjEjJDEjJDgjJDgz,은계아이빛주니어치과의원,소아치과,1,1,100,126.8030194,37.4372784,310000,경기,311700,시흥시,경기도 시흥시 은계번영길 19 은계 디스퀘어큐브 4층 405~407호 (은행동),031-311-2275,,0
JDQ4MTYyMiM1MSMkMSMkMCMkNzIkNDgxNzAyIzMxIyQxIyQ3IyQ5OSQyNjE0ODEjNjEjJDEjJDgjJDgz,이룸치과의원,소아치과,1,2,50,126.6777941,37.6375548,310000,경기,312300,김포시,"경기도 김포시 태장로 808 4층 404,405호 (장기동, 송호프라자)",031-988-2228,,0
JDQ4MTg4MSM1MSMkMSMkNCMkNzIkMzgxMzUxIzExIyQyIyQ3IyQwMCQyNjEwMDIjNDEjJDEjJDQjJDgz,이튼주니어 치과의원,소아치과,1,1,100,127.0301474,37.5578364,110000,서울,110011,성동구,서울특별시 성동구 행당로 101 지상2층 (행당동),02-2291-2804,,0
JDQ4MTg4MSM1MSMkMSMkNCMkNzIkMzgxMzUxIzExIyQxIyQzIyQ4MiQzNjEyMjIjNjEjJDEjJDgjJDgz,자곡서울치과의원,소아치과,1,5,20,127.0960241,37.472057,110000,서울,110001,강남구,"서울특별시 강남구 자곡로 114 서강플라자 3층 301,302,305-1호 (자곡동)",02-459-2872,,0
JDQ4MTg4MSM1MSMkMSMkMCMkNzIkNTgxMzUxIzUxIyQxIyQ1IyQwMyQ0NjEwMDIjNTEjJDEjJDIjJDgz,조은아이치과의원,소아치과,1,1,100,127.0816527,37.4896246,110000,서울,110001,강남구,서울특별시 강남구 일원로 49 301호 (일원동),02-6207-2875,,0
JDQ4MTYyMiM4MSMkMSMkNCMkNzIkMzgxOTYxIzMxIyQxIyQ3IyQwMyQyNjE0ODEjNTEjJDEjJDIjJDgz,진주쥬니어치과의원,소아치과,1,2,50,128.0919938,35.1780527,380000,경남,380500,진주시,경상남도 진주시 진주대로 868 (칠암동),055-763-7528,http://www.juniorjj.com,0
JDQ4MTYyMiM1MSMkMSMkMCMkNzIkNTgxMzUxIzExIyQxIyQzIyQ2MiQzNjE0ODEjNDEjJDEjJDgjJDgz,착한미소치과의원,소아치과,1,2,50,127.1072863,37.1660473,310000,경기,312500,화성시,경기도 화성시 동탄순환대로 127-5 우성센트럴타워 3층 307~309호 (산척동),031-378-4004,,0
JDQ4MTYyMiM4MSMkMSMkMCMkNzIkMzgxMTkxIzIxIyQxIyQ5IyQ3OSQ0NjEwMDIjNzEjJDEjJDgjJDgz,참바른연합치과의원,소아치과,1,2,50,128.5270991,35.8255541,230000,대구,230007,대구달서구,"대구광역시 달서구 조암로 24 402호 (월성동, 한신메디타워)",053-627-2875,,0
JDQ4MTYyMiM1MSMkMSMkMCMkNzIkNDgxNzAyIzIxIyQxIyQ1IyQ2MiQyNjEwMDIjNDEjJDEjJDQjJDgz,청라꾸러기치과의원,소아치과,2,3,66.66666667,126.6516568,37.5333879,220000,인천,220005,인천서구,"인천광역시 서구 중봉대로612번길 10-16 502호, 503호, 504호 (연희동, 마르씨엘)",032-267-2875,,0
JDQ4MTYyMiM1MSMkMSMkMCMkNzIkNDgxNzAyIzIxIyQxIyQ1IyQ2MiQzNjE0ODEjNjEjJDEjJDAjJDgz,청라치과의원,소아치과,1,2,50,126.6401769,37.5320464,220000,인천,220005,인천서구,"인천광역시 서구 크리스탈로74번길 31 503,504,505호 (경서동, 월드프라자)",032-584-2828,,0
JDQ4MTYyMiM4MSMkMSMkNCMkNzIkMzgxMTkxIzExIyQxIyQ3IyQ2MiQ0NjEwMDIjNDEjJDEjJDgjJDgz,치카치카소아치과의원,소아치과,1,1,100,129.3355912,35.5634428,260000,울산,260003,울산중구,울산광역시 중구 번영로 470 MG중울산 5층 (반구동),052-922-7878,,0
JDQ4MTg4MSM1MSMkMSMkNCMkNzIkMzgxMzUxIzIxIyQxIyQ1IyQ4OSQyNjE0ODEjNDEjJDEjJDQjJDgz,키즈니치과의원,소아치과,1,1,100,127.060003,37.6553216,110000,서울,110022,노원구,서울특별시 노원구 동일로 1419 502호 (상계동),02-952-2232,,0
JDQ4MTYyMiM3MSMkMSMkMCMkNzIkMzgxOTYxIzUxIyQxIyQxIyQwMyQzNjE0ODEjNDEjJDEjJDgjJDgz,키즈빌치과의원,소아치과,1,1,100,126.4664143,34.8131458,360000,전남,360009,무안군,전라남도 무안군 삼향읍 남악4로 86 3층 301호 (한양에드가오피스텔1),061-282-3929,,0
JDQ4MTYyMiM2MSMkMSMkNiMkNzIkMzgxMzUxIzUxIyQxIyQ1IyQ3MiQzNjEyMjIjNTEjJDEjJDIjJDgz,키즈앤어린이치과의원,소아치과,1,1,100,126.9730216,35.9591656,350000,전북,350300,익산시,전라북도 익산시 무왕로9길 7 2층 (영등동),063-836-2888,,0
JDQ4MTg4MSM1MSMkMSMkMCMkNzIkNTgxMzUxIzIxIyQxIyQ1IyQxMyQzNjE0ODEjNDEjJDEjJDgjJDgz,키즈웰치과의원,소아치과,1,1,100,127.0194894,37.6072048,110000,서울,110012,성북구,"서울특별시 성북구 길음로 33 지하1층 13,14호 (길음동, 길음뉴타운8단지상가)",02-943-2879,,0
JDQ4MTYyMiM1MSMkMSMkMCMkNzIkNDgxMzUxIzIxIyQxIyQxIyQ2MiQzNjEwMDIjNDEjJDEjJDQjJDgz,키즈프라임치과의원,소아치과,1,1,100,126.7382857,37.5355942,220000,인천,220008,인천계양구,"인천광역시 계양구 오조산로 53 301호 (계산동, 연세차메디칼센타)",032-556-2275,,0
JDQ4MTYyMiM4MSMkMSMkNCMkNzIkMzgxOTYxIzUxIyQxIyQxIyQ3OSQyNjEwMDIjNjEjJDEjJDQjJDgz,토토소아치과치과의원,소아치과,1,1,100,129.3344924,35.5390894,260000,울산,260001,울산남구,울산광역시 남구 삼산로 251 2층 (달동),052-211-1275,http://www.totoclinic.co.kr,0
JDQ4MTYyMiM1MSMkMSMkMCMkNzIkNDgxMTkxIzIxIyQxIyQ1IyQ5OSQzNjEwMDIjNTEjJDEjJDIjJDgz,튼튼아이치과의원,소아치과,1,1,100,126.7140509,37.4560189,220000,인천,220006,인천남동구,"인천광역시 남동구 구월로 212 힐캐슬프라자 306,316호 (구월동)",461-2275,http://www.ttdent.com/,0
JDQ4MTAxMiM1MSMkMSMkMCMkNzIkMzgxOTYxIzUxIyQxIyQxIyQxMyQ0NjE0ODEjNDEjJDEjJDQjJDgz,튼튼어린이치과의원,소아치과,1,1,100,129.1189658,35.1993177,210000,부산,210009,부산해운대구,부산광역시 해운대구 선수촌로 66 3층 (반여동),051-528-1275,,0
JDQ4MTYyMiM1MSMkMSMkMCMkNzIkNDgxNzAyIzUxIyQxIyQxIyQ2MiQ0NjE0ODEjODEjJDEjJDYjJDgz,튼튼어린이치과의원,소아치과,1,1,100,126.9110534,37.1147838,310000,경기,312500,화성시,"경기도 화성시 향남읍 상신하길로298번길 11 605,606호",031-366-2823,,0
JDQ4MTg4MSM1MSMkMSMkNCMkNzIkMzgxMzUxIzIxIyQxIyQxIyQ2MiQ0NjE0ODEjNDEjJDEjJDgjJDgz,튼튼이 소아치과의원,소아치과,1,1,100,127.0247865,37.5665508,110000,서울,110011,성동구,"서울특별시 성동구 왕십리로 410 L동 지상3층 316호 (하왕십리동, 센트라스)",02-2296-7528,,0
JDQ4MTg4MSM1MSMkMSMkMCMkNzIkNTgxMzUxIzUxIyQxIyQxIyQwMyQyNjEyMjIjODEjJDEjJDYjJDgz,파미에키즈치과의원,소아치과,1,2,50,126.8389434,37.5409947,110000,서울,110003,강서구,"서울특별시 강서구 화곡로 154 5층 (화곡동, 청산빌딩)",02-2604-1515,,0
JDQ4MTYyMiM1MSMkMSMkMCMkNzIkNDgxMTkxIzExIyQxIyQzIyQ4OSQyNjEyMjIjNDEjJDEjJDgjJDgz,판교어린이치과의원,소아치과,1,1,100,127.0889722,37.3900263,310000,경기,310403,성남분당구,"경기도 성남시 분당구 운중로 233 7층 (판교동, 한솔프라자)",031-781-5275,http://pgchildent.com,0
JDQ4MTYyMiM1MSMkMSMkMCMkNzIkNDgxNzAyIzUxIyQxIyQxIyQ5OSQyNjEyMjIjNjEjJDEjJDQjJDgz,퍼스트어린이치과의원,소아치과,1,1,100,127.1145754,37.0024639,310000,경기,311200,평택시,경기도 평택시 비전4로 47 강일빌딩 204호 (비전동),031-8094-2872,,0
JDQ4MTYyMiM1MSMkMSMkMCMkNzIkNTgxMzUxIzExIyQyIyQ3IyQwMCQyNjE4MzIjNDEjJDEjJDgjJDgz,평촌어린이치과의원,소아치과,1,1,100,126.9565186,37.3768836,310000,경기,310702,안양동안구,경기도 안양시 동안구 흥안대로145번길 145 2층 201-204호 (호계동),031-427-2879,,0
JDQ4MTYyMiM2MSMkMSMkMiMkNzIkMzgxMzUxIzMxIyQxIyQ3IyQ5MiQyNjEwMDIjNTEjJDEjJDYjJDgz,플랜트치과의원,소아치과,2,18,11.11111111,127.3521823,36.3591488,250000,대전,250001,대전유성구,대전광역시 유성구 한밭대로492번길 16-18 1호 (봉명동),042-825-2275,,0
JDQ4MTYyMiM3MSMkMSMkMCMkNzIkMzgxOTYxIzMxIyQxIyQ3IyQ5OSQzNjEwMDIjNTEjJDEjJDIjJDgz,하나어린이치과의원,소아치과,1,1,100,126.8654811,35.2073447,240000,광주,240002,광주북구,광주광역시 북구 첨단연신로108번길 22 (신용동),062-447-4475,,0
JDQ4MTYyMiM1MSMkMSMkMCMkNzIkNTgxMzUxIzExIyQyIyQzIyQwMCQyNjE0ODEjNDEjJDEjJDgjJDgz,한강아이온소아치과치과의원,소아치과,3,3,100,126.6265891,37.6435542,310000,경기,312300,김포시,경기도 김포시 김포한강8로 382 고은메디타워 4층 (구래동),031-984-7928,,0
JDQ4MTg4MSM1MSMkMSMkMCMkNzIkNTgxMzUxIzExIyQxIyQzIyQ4MiQ0NjEwMDIjNDEjJDEjJDgjJDgz,해피아이치과의원,소아치과,1,1,100,127.0307347,37.6120803,110000,서울,110024,강북구,"서울특별시 강북구 도봉로 34 (미아동, 트레지오빌딩)",02-983-7528,http://www.milkteeth.kr,0
JDQ4MTYyMiM1MSMkMSMkMCMkNzIkNDgxNzAyIzUxIyQyIyQxIyQwMCQzNjEyMjIjNjEjJDEjJDQjJDgz,행복한소아치과의원,소아치과,1,1,100,127.1892311,37.5662872,310000,경기,311300,하남시,경기도 하남시 미사강변중앙로 220 우성미사타워 504호 (망월동),031-795-7928,,0
JDQ4MTYyMiM1MSMkMSMkMCMkNzIkNDgxOTYxIzUxIyQxIyQxIyQ3MiQyNjE0ODEjNDEjJDEjJDQjJDgz,행복한아이치과의원,소아치과,2,3,66.66666667,127.2602786,37.4099807,310000,경기,312600,광주시,경기도 광주시 경안로 3 3.4층 (경안동),031-762-7528,,0
JDQ4MTYyMiM1MSMkMSMkMCMkNzIkNDgxNzAyIzIxIyQxIyQ1IyQ5MiQyNjEwMDIjNDEjJDEjJDgjJDgz,행복한쥬니어치과의원,소아치과,1,1,100,126.719691,37.4553712,220000,인천,220006,인천남동구,"인천광역시 남동구 호구포로 818 5층 503호 (구월동, 퍼스트하임프라자)",032-862-7528,,0
JDQ4MTYyMiM2MSMkMSMkMiMkNzIkMzgxOTYxIzUxIyQxIyQxIyQwMyQzNjEwMDIjNDEjJDEjJDgjJDgz,훈키즈치과의원,소아치과,1,1,100,127.1081221,36.8119561,340000,충남,340201,천안서북구,"충청남도 천안시 서북구 불당33길 22 505호 (불당동, 고은타워)",041-561-7528,,0
