JDQ4MTYyMiM4MSMkMiMkNCMkMDAkNDgxOTYxIzExIyQxIyQ3IyQ4MiQzNjEwMDIjNDEjJDEjJDQjJDgz,DO두신경과의원,신경과,2,3,66.66666667,128.425197,34.8604052,380000,경남,380800,통영시,경상남도 통영시 무전대로 41 201~401호 (무전동),055-725-7979,,0
JDQ4MTg4MSM1MSMkMiMkMCMkMDAkNDgxMTkxIzUxIyQxIyQ1IyQ3MiQ0NjEwMDIjNDEjJDEjJDgjJDgz,가락실버사랑의원,신경과,1,1,100,127.1157979,37.499562,110000,서울,110018,송파구,"서울특별시 송파구 송파대로36가길 22 (송파동, 지하1,2,3,4,5층)",02-414-2211,http://www.garakmental.com/,0
JDQ4MTg4MSM1MSMkMiMkMCMkMDAkMzgxNzAyIzQxIyQyIyQ3IyQwMCQyNjEwMDIjNDEjJDEjJDgjJDgz,가람신경정신과의원,신경과,1,3,33.33333333,126.9015858,37.4824074,110000,서울,110004,관악구,서울특별시 관악구 시흥대로 554 (신림동),02-859-8500,http://www.garam-clinic.com/main/main.php,0
JDQ4MTYyMiM2MSMkMiMkMiMkMDAkMzgxNzAyIzQxIyQxIyQ3IyQ5MiQyNjEwMDIjNzEjJDEjJDgjJDgz,가인연합내과신경과의원,신경과,1,2,50,127.3361746,36.3607622,250000,대전,250001,대전유성구,"대전광역시 유성구 유성대로 770 3층, 5층 (장대동)",042-826-0063,,0
JDQ4MTYyMiM4MSMkMiMkMCMkMDAkNDgxMTkxIzIxIyQxIyQxIyQ3OSQzNjEwMDIjNjEjJDEjJDAjJDgz,강남성심신경과의원,신경과,1,1,100,128.6195615,35.8819909,230000,대구,230002,대구동구,대구광역시 동구 아양로 50 2층 (신암동),053-292-7575,,0
JDQ4MTAxMiM1MSMkMiMkMCMkMDAkNDgxMzUxIzIxIyQxIyQ5IyQxMyQ0NjE0ODEjNDEjJDEjJDgjJDgz,강남제신경과의원,신경과,1,1,100,129.1157246,35.1678201,210000,부산,210014,부산수영구,부산광역시 수영구 수영로 697 5층 (수영동),051-759-7676,,0
JDQ4MTg4MSM1MSMkMiMkMCMkMDAkNDgxMTkxIzUxIyQxIyQ1IyQ5OSQyNjE4MzIjNDEjJDEjJDQjJDgz,강동신경정신과의원,신경과,1,1,100,127.1390863,37.536162,110000,서울,110002,강동구,서울특별시 강동구 양재대로 1459 (길동),02-487-6220,http://www.gdclinic.co.kr,0
JDQ4MTYyMiM1MSMkMiMkNCMkMDAkMzgxMzUxIzQxIyQxIyQ3IyQ5OSQzNjE0ODEjNDEjJDEjJDgjJDgz,강봉선신경정신과의원,신경과,1,2,50,127.9485496,37.331995,320000,강원,320400,원주시,"강원도 원주시 서원대로 383 3층 401호 (개운동, 한신프라자)",033-744-3884,,0
JDQ4MTYyMiM2MSMkMiMkMiMkMDAkNDgxOTYxIzIxIyQyIyQxIyQwMCQyNjEyMjIjNjEjJDEjJDQjJDgz,강성원신경과의원,신경과,1,1,100,126.4590148,36.7812006,340000,충남,340600,서산시,충청남도 서산시 안견로 190 2층 (동문동),041-664-3007,,0
JDQ4MTYyMiM4MSMkMiMkMCMkMDAkNDgxOTYxIzIxIyQxIyQxIyQ4MiQyNjEyMjIjODEjJDEjJDIjJDgz,강앤정신경과신경외과의원,신경과,1,2,50,128.7073557,35.8398009,230000,대구,230005,대구수성구,"대구광역시 수성구 달구벌대로 3206 5층 (신매동, 창성빌딩)",053-795-8575,,0
JDQ4MTg4MSM1MSMkMiMkMCMkMDAkNDgxMzUxIzQxIyQxIyQ3IyQ3OSQ0NjEwMDIjNDEjJDEjJDgjJDgz,강원룡신경과정신과의원,신경과,1,1,100,127.1263862,37.5381231,110000,서울,110002,강동구,서울특별시 강동구 천호대로 1027 4층 (천호동),02-478-1070,,0
JDQ4MTYyMiM2MSMkMiMkNiMkMDAkMzgxMzUxIzMxIyQxIyQ3IyQxMyQyNjEwMDIjNTEjJDEjJDIjJDgz,개정정신건강의학과의원,신경과,1,2,50,126.7515411,35.9628902,350000,전북,350100,군산시,전라북도 군산시 번영로 312 (사정동),063-452-0005,,0
JDQ4MTYyMiM4MSMkMiMkMCMkMDAkMzgxOTYxIzUxIyQxIyQ1IyQ4OSQ0NjEwMDIjNDEjJDEjJDgjJDgz,경일신경과내과의원,신경과,7,12,58.33333333,128.5634243,35.8594226,230000,대구,230007,대구달서구,대구광역시 달서구 달구벌대로 1814 (두류동),053-652-2525,http://kinm.co.kr,0
JDQ4MTYyMiM4MSMkMiMkMCMkMDAkNDgxOTYxIzIxIyQxIyQxIyQwMyQyNjEyMjIjNTEjJDEjJDIjJDgz,고려정형외과의원,신경과,1,6,16.66666667,128.3369347,36.1272714,370000,경북,370200,구미시,경상북도 구미시 금오산로 58 1~4층 (원평동),054-453-9797,,0
JDQ4MTYyMiM2MSMkMiMkMiMkMDAkMzgxOTYxIzExIyQxIyQzIyQ2MiQyNjEwMDIjNDEjJDEjJDQjJDgz,고운신경과정신건강의학과의원,신경과,1,1,100,127.148826,36.8123021,340000,충남,340202,천안동남구,충청남도 천안시 동남구 대흥로 271 (대흥동),041-567-4300,,0
JDQ4MTYyMiM4MSMkMiMkNCMkMDAkNDgxMzUxIzMxIyQxIyQzIyQxMyQ0NjEwMDIjNjEjJDEjJDAjJDgz,고운피부과의원,신경과,1,4,25,128.0614364,35.1712047,380000,경남,380500,진주시,"경상남도 진주시 순환로 527 2층 (평거동, 좋은메디컬빌딩)",055-746-3020,,0
JDQ4MTYyMiM2MSMkMiMkNiMkMDAkMzgxMTkxIzMxIyQxIyQzIyQ2MiQzNjEwMDIjNTEjJDEjJDYjJDgz,고은미래의원,신경과,1,1,100,127.3754107,35.4067805,350000,전북,350200,남원시,전라북도 남원시 남문로 401 2층 (왕정동),063-772-7512,,0
JDQ4MTYyMiM4MSMkMiMkMCMkMDAkNDgxMTkxIzExIyQxIyQ3IyQ5MiQyNjEyMjIjNjEjJDEjJDAjJDgz,곽재혁신경과의원,신경과,1,1,100,128.5827018,35.8654569,230000,대구,230006,대구중구,대구광역시 중구 달구벌대로 1999 4층 (동산동),053-255-2211,,0
JDQ4MTYyMiM3MSMkMiMkMCMkMDAkMzgxOTYxIzExIyQxIyQzIyQwMyQyNjEyMjIjNjEjJDEjJDAjJDgz,광주신경과의원,신경과,1,1,100,126.9210489,35.1432812,240000,광주,240001,광주동구,광주광역시 동구 제봉로 52-1 2층 (남동),062-227-9696,,0
JDQ4MTg4MSM1MSMkMiMkNCMkMDAkMzgxMzUxIzQxIyQxIyQ3IyQ5MiQ0NjE0ODEjNjEjJDEjJDQjJDgz,구로세란의원,신경과,1,3,33.33333333,126.8909287,37.480474,110000,서울,110005,구로구,서울특별시 구로구 디지털로 227 새안빌딩 3층 (가리봉동),02-839-8008,,0
JDQ4MTYyMiM4MSMkMiMkMCMkMDAkNDgxOTYxIzMxIyQxIyQzIyQ5OSQ0NjE0ODEjNzEjJDEjJDgjJDgz,구미김지훈신경과의원,신경과,1,1,100,128.338738,36.1138785,370000,경북,370200,구미시,"경상북도 구미시 신시로 67 4층 (형곡동, 우리M타워)",054-451-7575,,0
JDQ4MTg4MSM1MSMkMiMkNCMkMDAkNDgxMzUxIzQxIyQxIyQ3IyQ4OSQyNjE4MzIjNTEjJDEjJDIjJDgz,굿모닝신경과의원,신경과,1,1,100,126.8407584,37.5420388,110000,서울,110003,강서구,서울특별시 강서구 화곡로 173 8층 (화곡동),02-2608-5100,,0
JDQ4MTYyMiM2MSMkMiMkNiMkMDAkMzgxMTkxIzExIyQxIyQzIyQ2MiQzNjE4MzIjODEjJDEjJDIjJDgz,굿모닝신경과의원,신경과,1,1,100,126.9557521,35.9458795,350000,전북,350300,익산시,전라북도 익산시 인북로 191 2층 (남중동),063-837-7575,,0
JDQ4MTYyMiM4MSMkMiMkMCMkMDAkNDgxOTYxIzIxIyQxIyQ1IyQ3OSQzNjE4MzIjNDEjJDEjJDgjJDgz,굿모닝신경과의원,신경과,1,1,100,128.5630323,35.9420983,230000,대구,230003,대구북구,대구광역시 북구 학정로 419 3층 304호 (동천동),053-323-0075,,0
JDQ4MTYyMiM4MSMkMiMkMCMkMDAkNDgxOTYxIzMxIyQxIyQ3IyQ5MiQyNjE4MzIjODEjJDEjJDYjJDgz,굿모닝연합신경과통증의학과의원,신경과,1,2,50,128.7189765,36.5639329,370000,경북,370400,안동시,경상북도 안동시 경동로 559 1층 (당북동),054-842-7582,,0
JDQ4MTg4MSM1MSMkMiMkNCMkMDAkNTgxOTYxIzIxIyQyIyQ1IyQwMCQzNjEwMDIjNjEjJDEjJDQjJDgz,굿슬립신경과의원,신경과,1,1,100,127.0266474,37.522913,110000,서울,110001,강남구,서울특별시 강남구 논현로159길 17 202호 (신사동),02-514-0209,,0
JDQ4MTYyMiM1MSMkMiMkMCMkMDAkNDgxNzAyIzIxIyQxIyQ1IyQxMyQ0NjE0ODEjNjEjJDEjJDAjJDgz,권혜영신경과의원,신경과,1,1,100,127.0367767,37.2767011,310000,경기,310603,수원팔달구,경기도 수원시 팔달구 중부대로 190 (인계동),031-215-2938,http://www.kwonclinic.net/,0
JDU4MTI3MSM1MSMkMiMkMCMkMDAkNDgxOTYxIzMxIyQxIyQ3IyQ2MiQzNjEyMjIjNTEjJDEjJDIjJDgz,기분좋은신경과의원,신경과,1,1,100,126.6757103,37.4143527,220000,인천,220007,인천연수구,"인천광역시 연수구 청능대로 93 403호 (청학동, 이리옴프라자)",032-816-7575,,0
JDQ4MTg4MSM1MSMkMiMkNCMkMDAkNDgxNzAyIzQxIyQxIyQ3IyQ4OSQzNjE4MzIjNDEjJDEjJDgjJDgz,기쁨준내과의원,신경과,1,2,50,126.9405533,37.5126136,110000,서울,110008,동작구,서울특별시 동작구 장승배기로 168 3층 301(일부)호 (노량진동),02-826-7575,,0
JDQ4MTAxMiM1MSMkMiMkMCMkMDAkMzgxNzAyIzExIyQxIyQ3IyQ4MiQzNjE4MzIjNzEjJDEjJDgjJDgz,김갑진신경과의원,신경과,1,1,100,129.0708708,35.137228,210000,부산,210001,부산남구,"부산광역시 남구 수영로 27 3층 (문현동, 금호빌딩)",051-636-9080,,0
JDQ4MTYyMiM4MSMkMiMkMCMkMDAkNDgxMzUxIzExIyQyIyQzIyQwMCQzNjEwMDIjNTEjJDEjJDIjJDgz,김성수신경과의원,신경과,1,1,100,128.5563473,35.8367321,230000,대구,230007,대구달서구,대구광역시 달서구 월배로 489 2층 (송현동),053-622-7575,http://www.soonerve.co.kr/,0
JDQ4MTYyMiM4MSMkMiMkMCMkMDAkMzgxNzAyIzQxIyQxIyQ3IyQ2MiQzNjEwMDIjODEjJDEjJDYjJDgz,김신경과의원,신경과,1,2,50,128.5469527,35.8249158,230000,대구,230007,대구달서구,대구광역시 달서구 월배로 332 2층 (송현동),053-653-9928,,0
JDQ4MTg4MSM1MSMkMiMkMCMkMDAkMzgxNzAyIzMxIyQxIyQzIyQ3MiQyNjEwMDIjNTEjJDEjJDYjJDgz,김영화정신과의원,신경과,1,1,100,127.0567328,37.566713,110000,서울,110007,동대문구,"서울특별시 동대문구 전농로 22 5층 (답십리동, 엠제이빌딩)",02-2243-8636,,0
JDQ4MTYyMiM2MSMkMiMkNiMkMDAkMzgxMTkxIzIxIyQxIyQxIyQ4OSQyNjEyMjIjODEjJDEjJDIjJDgz,김요식신경과의원,신경과,1,1,100,126.9718859,35.9581079,350000,전북,350300,익산시,전라북도 익산시 무왕로 1036 2층 (영등동),063-838-8200,,0
JDQ4MTg4MSM1MSMkMiMkMCMkMDAkNDgxMTkxIzMxIyQxIyQzIyQ3MiQyNjEwMDIjNDEjJDEjJDQjJDgz,김유광정신건강의학과의원,신경과,1,1,100,126.9145072,37.5495269,110000,서울,110009,마포구,서울특별시 마포구 양화로 50 3층 (합정동),02-322-0082,,0
JDQ4MTYyMiM2MSMkMiMkNiMkMDAkMzgxOTYxIzIxIyQxIyQxIyQ5MiQzNjE4MzIjNzEjJDEjJDgjJDgz,김임신경정신과의원,신경과,1,1,100,127.1456053,35.8229195,350000,전북,350401,전주완산구,전라북도 전주시 완산구 팔달로 232 한국투자증권빌딩 3층 (서노송동),063-272-7676,,0
JDQ4MTYyMiM2MSMkMiMkNiMkMDAkMzgxMTkxIzMxIyQxIyQzIyQxMyQzNjEwMDIjNDEjJDEjJDQjJDgz,김정환신경과의원,신경과,1,1,100,126.9405469,35.9488866,350000,전북,350300,익산시,전라북도 익산시 선화로 88 강남빌딩 2층 (모현동1가),063-843-9000,,0
JDQ4MTYyMiM1MSMkMiMkMCMkMDAkMzgxOTYxIzExIyQxIyQ3IyQxMyQyNjEyMjIjNDEjJDEjJDQjJDgz,김종억신경정신과의원,신경과,1,1,100,126.691547,37.4582163,220000,인천,220001,인천미추홀구,인천광역시 미추홀구 경인로 462 (주안동),032-425-9798,,0
JDQ4MTg4MSM1MSMkMiMkMCMkMDAkNDgxMTkxIzUxIyQxIyQxIyQ5MiQyNjEyMjIjNDEjJDEjJDgjJDgz,김종주신경정신과의원,신경과,1,1,100,127.0014772,37.5055124,110000,서울,110021,서초구,"서울특별시 서초구 신반포로 157 1동 4층 (잠원동, 잠원동 반포쇼핑)",596-9911,,0
JDQ4MTYyMiM4MSMkMiMkMCMkMDAkMzgxMTkxIzUxIyQxIyQ1IyQ2MiQyNjE4MzIjNDEjJDEjJDQjJDgz,김준정형외과의원,신경과,1,3,33.33333333,128.5899039,35.8712157,230000,대구,230006,대구중구,대구광역시 중구 경상감영길 42 (서문로1가),053-255-1814,,0
JDQ4MTYyMiM4MSMkMiMkMCMkMDAkNDgxMTkxIzExIyQxIyQzIyQ5OSQyNjEyMjIjNDEjJDEjJDgjJDgz,김진석신경과의원,신경과,1,1,100,128.5910059,35.8546473,230000,대구,230001,대구남구,대구광역시 남구 중앙대로 240 3층 (대명동),053-475-5100,,0
JDQ4MTYyMiM4MSMkMiMkMCMkMDAkNDgxOTYxIzIxIyQxIyQ1IyQwMyQ0NjE0ODEjODEjJDEjJDIjJDgz,김천신경정신건강의원,신경과,1,2,50,128.1147116,36.1220211,370000,경북,370300,김천시,경상북도 김천시 평화중앙8길 15 (평화동),054-432-2626,,0
JDQ4MTYyMiM2MSMkMiMkNiMkMDAkMzgxOTYxIzMxIyQxIyQzIyQ5OSQzNjEyMjIjNDEjJDEjJDgjJDgz,김춘식신경과의원,신경과,1,2,50,126.7140708,35.969527,350000,전북,350100,군산시,전라북도 군산시 축동안3길 3 2층 (수송동),063-446-2992,,0
JDQ4MTYyMiM4MSMkMiMkMCMkMDAkNDgxOTYxIzIxIyQxIyQ1IyQ3OSQyNjEyMjIjNDEjJDEjJDgjJDgz,김태완신경과의원,신경과,2,2,100,128.6349385,35.8855861,230000,대구,230002,대구동구,대구광역시 동구 아양로 200 4층 (효목동),053-584-2005,,0
JDQ4MTYyMiM3MSMkMiMkMCMkMDAkNDgxMzUxIzIxIyQxIyQ5IyQ4OSQyNjEwMDIjNzEjJDEjJDgjJDgz,김태우신경과의원,신경과,1,1,100,126.4177009,34.8116504,360000,전남,360300,목포시,전라남도 목포시 영산로 515 2층 (상동),061-279-5500,,0
JDQ4MTAxMiM1MSMkMiMkMCMkMDAkNDgxOTYxIzMxIyQxIyQzIyQ5MiQyNjE4MzIjODEjJDEjJDIjJDgz,김태형신경과의원,신경과,1,1,100,129.0566467,35.157964,210000,부산,210004,부산진구,부산광역시 부산진구 가야대로 777 5층 (부전동),051-809-0119,,0
JDQ4MTYyMiM2MSMkMiMkNiMkMDAkMzgxMTkxIzIxIyQxIyQ1IyQ3OSQyNjEwMDIjODEjJDEjJDYjJDgz,김태형신경과의원,신경과,1,1,100,126.9019814,35.8003075,350000,전북,350600,김제시,전라북도 김제시 도작로 62 (검산동),063-544-3334,,0
JDQ4MTg4MSM1MSMkMiMkMCMkMDAkNTgxOTYxIzQxIyQxIyQ3IyQ5OSQyNjEyMjIjNjEjJDEjJDQjJDgz,김형철신경과의원,신경과,1,1,100,127.1396971,37.5377748,110000,서울,110002,강동구,서울특별시 강동구  양재대로 1477 (길동),02-478-5856,http://neuro4u.co.kr/index.asp,0
JDQ4MTg4MSM1MSMkMiMkNCMkMDAkMzgxMzUxIzExIyQxIyQ3IyQxMyQyNjEwMDIjNjEjJDEjJDAjJDgz,나눔정신건강의학과의원,신경과,1,1,100,126.9535153,37.4807107,110000,서울,110004,관악구,"서울특별시 관악구 남부순환로 1832 9층 (봉천동, 오선빌딩)",02-877-7104,,0
JDU4MTI3MSM1MSMkMiMkMCMkMDAkNDgxMTkxIzIxIyQxIyQxIyQ4OSQyNjE4MzIjNjEjJDEjJDgjJDgz,나래신경과의원,신경과,1,1,100,127.1881068,37.2327102,310000,경기,312003,용인처인구,경기도 용인시 처인구 명지로40번길 4 (역북동),031-321-1020,naraeclinic.modoo.at,0
JDQ4MTAxMiM1MSMkMiMkMCMkMDAkMzgxMTkxIzUxIyQyIyQxIyQwMCQzNjE4MzIjNjEjJDEjJDAjJDgz,나상옥신경과의원,신경과,1,2,50,129.0026097,35.1501509,210000,부산,210015,부산사상구,부산광역시 사상구 가야대로 274-3 5~7층 (주례동),051-323-6226,,0
JDQ4MTYyMiM3MSMkMiMkMCMkMDAkNDgxMzUxIzExIyQxIyQ3IyQ4OSQyNjE4MzIjNjEjJDEjJDAjJDgz,나성규신경과의원,신경과,1,1,100,127.6977296,34.9366625,360000,전남,360700,광양시,전라남도 광양시 중마중앙로 71-1 1층 (중동),061-791-0719,,0
JDQ4MTYyMiM2MSMkMiMkNiMkMDAkMzgxMTkxIzMxIyQxIyQzIyQwMyQ0NjEwMDIjNjEjJDEjJDQjJDgz,남원신경과의원,신경과,1,1,100,127.3887344,35.4097341,350000,전북,350200,남원시,전라북도 남원시 용성로 114 2층 (죽항동),063-626-2030,,0
JDU4MTI3MSM1MSMkMiMkMCMkMDAkNDgxMTkxIzIxIyQxIyQxIyQ4OSQzNjEwMDIjNTEjJDEjJDIjJDgz,노숙영앤유신경과의원,신경과,1,1,100,127.1240452,37.3858444,310000,경기,310403,성남분당구,"경기도 성남시 분당구 서현로210번길 20 403호 (서현동, 코코프라자)",031-703-5558,,0
JDQ4MTYyMiM2MSMkMiMkMiMkMDAkMzgxNzAyIzUxIyQxIyQxIyQxMyQ0NjE0ODEjNjEjJDEjJDQjJDgz,노은삼성신경과의원,신경과,1,1,100,127.3138733,36.3915834,250000,대전,250001,대전유성구,대전광역시 유성구 반석로 7 (반석동),042-823-3425,http://www.noeunsamsung.net/,0
JDU4MTI3MSM1MSMkMiMkMCMkMDAkNDgxMzUxIzExIyQxIyQ3IyQ3MiQyNjE0ODEjNTEjJDEjJDYjJDgz,논현신경과의원,신경과,1,1,100,126.7235904,37.4012832,220000,인천,220006,인천남동구,"인천광역시 남동구 청능대로 581 401호 (논현동, 광성프라자)",032-438-8275,,0
JDQ4MTYyMiM4MSMkMiMkMCMkMDAkNDgxMzUxIzQxIyQxIyQ3IyQwMyQyNjEyMjIjODEjJDEjJDYjJDgz,늘맑은신경과의원,신경과,1,1,100,128.6275469,35.8387236,230000,대구,230005,대구수성구,대구광역시 수성구 청수로 178 3층 (지산동),053-762-1188,http://www.acneuro.co.kr,0
JDU4MTI3MSM1MSMkMiMkMCMkMDAkNDgxMTkxIzIxIyQxIyQ1IyQ4MiQyNjEwMDIjNTEjJDEjJDIjJDgz,늘편한 신경과의원,신경과,1,1,100,127.0927954,37.8185483,310000,경기,312700,양주시,경기도 양주시 회천남로 88 M타워 503호 (옥정동),031-858-7321,,0
JDQ4MTYyMiM3MSMkMiMkMCMkMDAkNDgxMzUxIzExIyQxIyQ3IyQ3MiQ0NjEwMDIjNTEjJDEjJDIjJDgz,다나신경과의원,신경과,1,1,100,126.7220159,35.0338809,360000,전남,360200,나주시,전라남도 나주시 동점문길 2-1 (중앙동),061-335-7788,,0
JDQ4MTg4MSM1MSMkMiMkNCMkMDAkMzgxNzAyIzIxIyQxIyQ1IyQ5MiQ0NjE0ODEjNjEjJDEjJDgjJDgz,다남재활의학과의원,신경과,1,2,50,127.0773321,37.5584028,110000,서울,110023,광진구,"서울특별시 광진구 천호대로 527 4,5층 (중곡동)",02-467-5728,,0
JDQ4MTg4MSM1MSMkMiMkMCMkMDAkNDgxOTYxIzIxIyQyIyQxIyQwMCQzNjEwMDIjNTEjJDEjJDYjJDgz,다미신경정신과의원,신경과,1,1,100,127.0834983,37.5113865,110000,서울,110018,송파구,서울특별시 송파구 올림픽로 116 4층 (잠실동),02-419-0152,,0
JDQ4MTYyMiM4MSMkMiMkMCMkMDAkNDgxOTYxIzIxIyQxIyQ5IyQ3OSQyNjEyMjIjNzEjJDEjJDgjJDgz,달팽이신경과의원,신경과,1,1,100,128.7358195,35.8235856,370000,경북,371000,경산시,경상북도 경산시 중앙로 81 3층 (중방동),053-814-1500,,0
JDQ4MTYyMiM4MSMkMiMkMCMkMDAkNDgxOTYxIzIxIyQxIyQ5IyQ3OSQzNjE4MzIjODEjJDEjJDIjJDgz,대경신경과의원,신경과,1,1,100,128.55842,35.8573541,230000,대구,230007,대구달서구,대구광역시 달서구 달구벌대로 1762 302호 (두류동),053-624-0119,,0
JDQ4MTYyMiM4MSMkMiMkMCMkMDAkNDgxMTkxIzExIyQxIyQzIyQ4MiQ0NjE0ODEjNDEjJDEjJDQjJDgz,대구삼성신경과의원,신경과,1,1,100,128.6252893,35.8597593,230000,대구,230005,대구수성구,대구광역시 수성구 달구벌대로 2401 3층 (범어동),053-753-5566,,0
JDQ4MTYyMiM4MSMkMiMkMCMkMDAkMzgxMTkxIzIxIyQxIyQ5IyQ4MiQyNjEyMjIjNjEjJDEjJDAjJDgz,대구신경과의원,신경과,1,1,100,129.0560108,36.4327409,370000,경북,370023,청송군,경상북도 청송군 청송읍 금월로 265 (청송읍),054-873-1407,,0
JDQ4MTAxMiM1MSMkMiMkMCMkMDAkNDgxOTYxIzMxIyQxIyQ3IyQ2MiQyNjEwMDIjNjEjJDEjJDgjJDgz,대신바른본의원,신경과,1,1,100,129.0173389,35.1096821,210000,부산,210006,부산서구,"부산광역시 서구 대영로 54 2, 3층 (서대신동1가, 대신메디컬센터)",051-947-0123,,0
JDQ4MTg4MSM1MSMkMiMkNCMkMDAkNDgxMzUxIzMxIyQxIyQ3IyQ4MiQzNjEyMjIjNzEjJDEjJDgjJDgz,더맑은신경정신과의원,신경과,1,1,100,127.0361824,37.5015847,110000,서울,110001,강남구,"서울특별시 강남구 논현로 507 301호 (역삼동, 성지하이츠3차빌딩)",02-568-0680,,0
JDQ4MTg4MSM1MSMkMiMkNCMkMDAkNDgxMTkxIzMxIyQxIyQzIyQ3OSQyNjE4MzIjNTEjJDEjJDYjJDgz,더웰스의원,신경과,1,2,50,127.0812295,37.5114713,110000,서울,110018,송파구,서울특별시 송파구 올림픽로 96 (잠실동),02-422-7591,,0
JDQ4MTYyMiM4MSMkMiMkMCMkMDAkMzgxNzAyIzUxIyQxIyQxIyQwMyQyNjE4MzIjODEjJDEjJDIjJDgz,도현철신경과의원,신경과,1,1,100,128.634744,35.885585,230000,대구,230002,대구동구,대구광역시 동구 아양로 198 2층 (효목동),053-957-7001,http://www.neurodo.com,0
JDQ4MTYyMiM2MSMkMiMkMiMkMDAkMzgxMTkxIzUxIyQxIyQxIyQxMyQzNjE4MzIjNDEjJDEjJDgjJDgz,도화범신경과의원,신경과,1,1,100,127.1527916,36.818434,340000,충남,340202,천안동남구,"충청남도 천안시 동남구 만남로 6 8층 8001,8002,8003호 (신부동)",041-552-1050,http://www.neurodoh.co.kr/,0
JDQ4MTYyMiM4MSMkMiMkMCMkMDAkNDgxOTYxIzUxIyQyIyQxIyQwMCQyNjE4MzIjNTEjJDEjJDIjJDgz,동대구스마일신경과의원,신경과,1,1,100,128.7135218,35.8722,230000,대구,230002,대구동구,대구광역시 동구 반야월로 229 (동호동),053-964-0011,,0
JDQ4MTg4MSM1MSMkMiMkNCMkMDAkNDgxMTkxIzExIyQxIyQ3IyQ4OSQyNjE0ODEjNDEjJDEjJDgjJDgz,두드림신경과의원,신경과,1,1,100,126.9444584,37.5888423,110000,서울,110010,서대문구,서울특별시 서대문구 통일로 448 7층 (홍제동),02-379-0050,,0
JDU4MTI3MSM1MSMkMiMkMCMkMDAkNDgxOTYxIzExIyQxIyQzIyQ4MiQ0NjEwMDIjNTEjJDEjJDYjJDgz,두림메디컬의원,신경과,1,1,100,126.7373385,37.4974324,220000,인천,220003,인천부평구,인천광역시 부평구 부흥로 408 2층 (부개동),032-361-7765,,0
JDQ4MTYyMiM2MSMkMiMkMiMkMDAkNDgxMzUxIzUxIyQyIyQ1IyQwMCQyNjEyMjIjNjEjJDEjJDAjJDgz,두미소신경과의원,신경과,2,2,100,127.2574385,36.4864392,410000,세종시,410000,세종시,"세종특별자치시 한누리대로 249 408~410호 (나성동, 에스제이타워)",044-867-6119,,0
JDQ4MTYyMiM2MSMkMiMkMiMkMDAkMzgxMTkxIzIxIyQyIyQ5IyQwMCQyNjEyMjIjNDEjJDEjJDgjJDgz,두신경과의원,신경과,3,3,100,127.1264196,36.7948383,340000,충남,340201,천안서북구,충청남도 천안시 서북구 충무로 175 2층 (쌍용동),041-578-0502,,0
JDQ4MTYyMiM4MSMkMiMkMCMkMDAkNDgxMzUxIzMxIyQxIyQ3IyQ2MiQzNjEyMjIjNjEjJDEjJDgjJDgz,두신경과의원,신경과,1,2,50,128.5927697,35.8650784,230000,대구,230006,대구중구,"대구광역시 중구 중앙대로 359 1층 (남산동, 반월당메티칼오피스타워)",053-252-2225,http://doclinic.kr,0
JDQ4MTYyMiM4MSMkMiMkMCMkMDAkNDgxMTkxIzExIyQxIyQ3IyQ3OSQyNjE0ODEjNzEjJDEjJDgjJDgz,두웰신경과의원,신경과,1,1,100,128.5322976,35.8167062,230000,대구,230007,대구달서구,대구광역시 달서구 월배로 168 아보스타워 4층 403호 (상인동),053-642-5757,,0
JDQ4MTYyMiM2MSMkMiMkMiMkMDAkMzgxOTYxIzQxIyQxIyQ3IyQ4MiQyNjE0ODEjNDEjJDEjJDgjJDgz,디에이치안광병신경과의원,신경과,1,1,100,127.3799883,36.3545564,250000,대전,250003,대전서구,"대전광역시 서구 대덕대로 244 건국타워 703,704호 (둔산동)",042-486-8100,,0
JDQ4MTYyMiM1MSMkMiMkOCMkMDAkMzgxMTkxIzExIyQxIyQzIyQxMyQzNjE0ODEjNTEjJDEjJDIjJDgz,똑똑한신경과의원,신경과,1,1,100,127.4698193,36.6115613,330000,충북,330104,청주서원구,"충청북도 청주시 서원구 산남로 38 3층 302호 (산남동, 산남렉슬Ⅰ)",043-296-7301,,0
JDQ4MTYyMiM2MSMkMiMkMiMkMDAkMzgxMTkxIzUxIyQxIyQxIyQ4OSQyNjEwMDIjNjEjJDEjJDAjJDgz,라파엘신경과의원,신경과,3,3,100,127.3895146,36.3492979,250000,대전,250003,대전서구,대전광역시 서구 둔산남로 107 9층 (둔산동),042-488-8204,http://www.iraphael.co.kr,0
JDU4MTI3MSM1MSMkMiMkMCMkMDAkNDgxOTYxIzMxIyQxIyQzIyQ3OSQyNjE4MzIjNTEjJDEjJDIjJDgz,로아신경과의원,신경과,1,1,100,127.1094943,37.3508865,310000,경기,310403,성남분당구,"경기도 성남시 분당구 성남대로 168 304호 (금곡동, 미도프라자)",031-718-6700,,0
JDQ4MTYyMiM4MSMkMiMkNCMkMDAkNDgxMzUxIzUxIyQyIyQxIyQwMCQzNjEwMDIjNzEjJDEjJDgjJDgz,리엔신경과의원,신경과,1,1,100,128.5037183,35.2322341,380000,경남,380701,창원마산회원구,경상남도 창원시 마산회원구 내서읍 삼계로 10 (튼튼한약국),055-222-7582,,0
JDQ4MTYyMiM1MSMkMiMkMCMkMDAkNTgxOTYxIzUxIyQxIyQ1IyQ3OSQyNjE0ODEjNTEjJDEjJDIjJDgz,리체내과신경과의원,신경과,1,3,33.33333333,127.1075607,37.3705719,310000,경기,310403,성남분당구,"경기도 성남시 분당구 성남대로 385 402호 (정자동, 분당클리닉)",710-9510,,0
JDQ4MTg4MSM1MSMkMiMkNCMkMDAkNTgxOTYxIzExIyQyIyQ3IyQwMCQyNjE0ODEjNDEjJDEjJDgjJDgz,마곡성모내과신경과의원,신경과,1,2,50,126.8255148,37.5593259,110000,서울,110003,강서구,"서울특별시 강서구 공항대로 164 류마타워 2층 201,202호 (마곡동)",02-6217-8800,,0
JDU4MTI3MSM1MSMkMiMkMCMkMDAkNDgxNzAyIzExIyQxIyQ3IyQxMyQzNjE0ODEjNDEjJDEjJDgjJDgz,마디통신경과의원,신경과,1,1,100,127.0779271,37.3228979,310000,경기,312002,용인수지구,경기도 용인시 수지구 신봉1로 68 인용빌딩 (신봉동),031-893-8559,,0
JDQ4MTAxMiM1MSMkMiMkMCMkMDAkNDgxOTYxIzIxIyQxIyQ1IyQ4OSQ0NjEwMDIjNDEjJDEjJDgjJDgz,마린시티신경과의원,신경과,1,1,100,129.1442096,35.15934,210000,부산,210009,부산해운대구,"부산광역시 해운대구 마린시티2로 2 601~603호 (우동, 마린파크)",051-864-2744,,0
JDQ4MTYyMiM4MSMkMiMkMCMkMDAkMzgxOTYxIzIxIyQxIyQ1IyQ4OSQyNjE4MzIjNjEjJDEjJDAjJDgz,마음편한정신건강의학과의원,신경과,1,1,100,128.6264822,36.8275706,370000,경북,370500,영주시,경상북도 영주시 광복로 74 3층 (하망동),054-635-1112,,0
JDQ4MTg4MSM1MSMkMiMkNCMkMDAkNDgxNzAyIzMxIyQxIyQ3IyQxMyQzNjE4MzIjNTEjJDEjJDYjJDgz,맑은남내과의원,신경과,1,2,50,126.8986719,37.471601,110000,서울,110025,금천구,"서울특별시 금천구 시흥대로 426 3층 (독산동, 영진빌딩)",02-865-5590,,0
JDQ4MTYyMiM3MSMkMiMkMCMkMDAkMzgxNzAyIzUxIyQxIyQxIyQ5MiQ0NjE0ODEjODEjJDEjJDIjJDgz,맑은머리김동욱신경과의원,신경과,2,2,100,126.9087867,35.1540192,240000,광주,240002,광주북구,"광주광역시 북구 금남로 136 지하1층 (누문동, 교보생명빌딩)",062-528-5030,,0
JDQ4MTg4MSM1MSMkMiMkNCMkMDAkNDgxOTYxIzExIyQxIyQzIyQ2MiQyNjE0ODEjNDEjJDEjJDgjJDgz,맑은머리신경과의원,신경과,1,1,100,127.0599912,37.6550409,110000,서울,110022,노원구,서울특별시 노원구 동일로 1417 삼양빌딩 (상계동),939-2075,http://www.kinddoctor.co.kr,0
JDU4MTI3MSM1MSMkMiMkMCMkMDAkMzgxMTkxIzExIyQyIyQ3IyQwMCQ0NjEwMDIjNDEjJDEjJDgjJDgz,맑은신경과의원,신경과,1,1,100,127.0955524,37.3225651,310000,경기,312002,용인수지구,"경기도 용인시 수지구 풍덕천로 122 403-1호 (풍덕천동, 하나로프라자)",031-266-7501,,0
JDQ4MTYyMiM4MSMkMiMkMCMkMDAkNDgxOTYxIzMxIyQxIyQzIyQ5OSQzNjEyMjIjNDEjJDEjJDgjJDgz,명연합신경과의원,신경과,1,1,100,128.3276306,36.1301001,370000,경북,370200,구미시,경상북도 구미시 구미중앙로 44 멀티복합상가 2층 202호 (원평동),054-458-7722,,0
JDQ4MTg4MSM1MSMkMiMkMCMkMDAkNDgxMTkxIzExIyQxIyQ3IyQ2MiQzNjEyMjIjODEjJDEjJDIjJDgz,명진단영상의학과의원,신경과,1,7,14.28571429,126.8511009,37.5558094,110000,서울,110003,강서구,"서울특별시 강서구 공항대로 396 4,5층 (화곡동)",02-2694-4242,,0
JDQ4MTg4MSM1MSMkMiMkNCMkMDAkNDgxNzAyIzExIyQxIyQzIyQ3MiQzNjEyMjIjODEjJDEjJDIjJDgz,몸편한재활의학과의원,신경과,1,2,50,126.9143561,37.5700104,110000,서울,110010,서대문구,서울특별시 서대문구 수색로 40 2층 (남가좌동),02-2038-3308,,0
JDQ4MTg4MSM1MSMkMiMkNCMkMDAkMzgxMTkxIzMxIyQxIyQ3IyQxMyQyNjE4MzIjNTEjJDEjJDYjJDgz,미래드림신경과의원,신경과,1,1,100,126.9656798,37.4759676,110000,서울,110004,관악구,서울특별시 관악구 남부순환로 1952 6층 (봉천동),02-875-7507,,0
JDQ4MTg4MSM1MSMkMiMkMCMkMDAkNTgxMzUxIzUxIyQyIyQxIyQwMCQyNjE4MzIjNDEjJDEjJDgjJDgz,미래신경과의원,신경과,1,1,100,126.9995905,37.4780495,110000,서울,110021,서초구,"서울특별시 서초구 방배로 37 2층 (방배동, 대기빌딩)",02-583-7573,,0
JDQ4MTg4MSM1MSMkMiMkMCMkMDAkNTgxOTYxIzExIyQxIyQzIyQ4MiQyNjE0ODEjNTEjJDEjJDYjJDgz,미래신경과의원,신경과,1,1,100,127.073533,37.6631817,110000,서울,110022,노원구,서울특별시 노원구 한글비석로24길 63 중앙의원 (상계동),02-939-1115,http://www.miraenr.com,0
JDQ4MTg4MSM1MSMkMiMkMCMkMDAkNTgxOTYxIzIxIyQyIyQ5IyQwMCQzNjE4MzIjNjEjJDEjJDAjJDgz,미래신경과의원,신경과,1,1,100,127.1178428,37.491762,110000,서울,110018,송파구,"서울특별시 송파구 중대로 80 (문정동, LG문정프라자 3층)",02-2043-8275,,0
JDQ4MTg4MSM1MSMkMiMkNCMkMDAkMzgxMzUxIzIxIyQxIyQ1IyQ3MiQyNjEyMjIjNjEjJDEjJDgjJDgz,미래신경과의원,신경과,1,1,100,127.0871158,37.5890275,110000,서울,110019,중랑구,서울특별시 중랑구 면목로 415 3층 (면목동),02-438-7582,,0
JDQ4MTg4MSM1MSMkMiMkNCMkMDAkMzgxNzAyIzQxIyQxIyQ3IyQ5MiQzNjEyMjIjNjEjJDEjJDQjJDgz,미래신경과의원,신경과,1,1,100,127.0352721,37.5605386,110000,서울,110011,성동구,서울특별시 성동구 고산자로 234 4층 (행당동),02-3395-8275,http://www.dootong.com,0
JDQ4MTYyMiM1MSMkMiMkMCMkMDAkNDgxNzAyIzIxIyQxIyQ1IyQ3OSQyNjEyMjIjNDEjJDEjJDQjJDgz,미래신경과의원,신경과,1,1,100,126.7086305,37.4620925,220000,인천,220006,인천남동구,"인천광역시 남동구 남동대로 892 4층 (간석동, 일주빌딩)",425-4666,http://www.miraecv.com/,0
JDQ4MTYyMiM1MSMkMiMkMCMkMDAkNTgxMzUxIzExIyQxIyQzIyQ3MiQyNjEwMDIjNjEjJDEjJDAjJDgz,미래신경과의원,신경과,1,1,100,127.2585792,37.4080781,310000,경기,312600,광주시,경기도 광주시 중앙로 95-3 7층 (역동),031-765-1116,http://www.miraeneuro.co.kr/,0
JDU4MTI3MSM1MSMkMiMkMCMkMDAkMzgxMTkxIzMxIyQxIyQzIyQ3MiQ0NjEwMDIjNDEjJDEjJDgjJDgz,미래신경과의원,신경과,1,1,100,126.7538088,37.4870252,310000,경기,310300,부천시,경기도 부천시 송내대로 38 5층 (송내동),032-664-9944,http://www.healthybrain.co.kr/,0
JDU4MTI3MSM1MSMkMiMkMCMkMDAkNDgxNzAyIzIxIyQxIyQ5IyQ5OSQyNjEwMDIjNjEjJDEjJDQjJDgz,미사탑재활의학과의원,신경과,1,2,50,127.1927183,37.5622506,310000,경기,311300,하남시,경기도 하남시 미사강변동로 81 미사역 큐브앤 타워 7층 (망월동),031-791-7533,,0
JDU4MTI3MSM1MSMkMiMkMCMkMDAkNDgxOTYxIzQxIyQxIyQ3IyQ4OSQyNjE4MzIjNTEjJDEjJDIjJDgz,바른신경외과의원,신경과,1,6,16.66666667,126.8898325,37.6636844,310000,경기,311901,고양덕양구,"경기도 고양시 덕양구 권율대로 893 파스텔 시티 201~203호,301호,304~307호 (신원동)",02-381-7275,,0
JDQ4MTYyMiM4MSMkMiMkMCMkMDAkNDgxOTYxIzIxIyQxIyQxIyQ3MiQ0NjEwMDIjODEjJDEjJDIjJDgz,박건주신경과의원,신경과,1,1,100,128.9367055,35.963596,370000,경북,370600,영천시,경상북도 영천시 시장로 59 (완산동),054-337-0300,,0
JDQ4MTYyMiM4MSMkMiMkNCMkMDAkMzgxMzUxIzMxIyQxIyQzIyQ5MiQyNjEyMjIjNDEjJDEjJDgjJDgz,박동건신경정신과의원,신경과,1,1,100,129.3173707,35.5551227,260000,울산,260003,울산중구,울산광역시 중구 중앙길 69 (성남동),052-243-9712,,0
JDQ4MTYyMiM1MSMkMiMkMCMkMDAkMzgxMTkxIzMxIyQxIyQzIyQ4OSQyNjE4MzIjNDEjJDEjJDgjJDgz,박동철신경정신과의원,신경과,1,1,100,126.9208266,37.3988146,310000,경기,310701,안양만안구,"경기도 안양시 만안구 안양로 303 701호 (안양동, 안양메쎄타워)",031-444-3083,,0
JDQ4MTYyMiM4MSMkMiMkMCMkMDAkNDgxMTkxIzIxIyQxIyQxIyQ5OSQ0NjE0ODEjNTEjJDEjJDYjJDgz,박민수신경과의원,신경과,1,1,100,128.6031031,35.8635686,230000,대구,230006,대구중구,대구광역시 중구 달구벌대로 2191 소석문화센터 3층 (삼덕동2가),053-431-4567,,0
JDQ4MTYyMiM2MSMkMiMkMiMkMDAkMzgxMTkxIzIxIyQxIyQ1IyQ3OSQzNjEyMjIjNjEjJDEjJDgjJDgz,박상철신경과의원,신경과,1,1,100,127.3898481,36.3525766,250000,대전,250003,대전서구,대전광역시 서구 문예로 65 5층 (둔산동),042-485-7669,http://www.neuropak.co.kr/,0
JDQ4MTYyMiM3MSMkMiMkMCMkMDAkNDgxMzUxIzIxIyQyIyQxIyQwMCQzNjEyMjIjNDEjJDEjJDQjJDgz,박성식신경과의원,신경과,1,1,100,127.5217661,34.953507,360000,전남,360400,순천시,전라남도 순천시 장선배기1길 9-8 2층 (조례동),061-722-0522,,0
JDQ4MTYyMiM2MSMkMiMkNiMkMDAkMzgxOTYxIzUxIyQxIyQxIyQ4MiQyNjE4MzIjNjEjJDEjJDQjJDgz,박성욱신경과의원,신경과,1,1,100,126.9792501,35.958854,350000,전북,350300,익산시,전라북도 익산시 무왕로 1101 (영등동),063-836-7585,,0
JDQ4MTg4MSM1MSMkMiMkMCMkMDAkNDgxOTYxIzIxIyQxIyQ1IyQ5OSQyNjE0ODEjNDEjJDEjJDgjJDgz,박언규정신건강의학과의원,신경과,1,1,100,126.9816553,37.4846358,110000,서울,110008,동작구,"서울특별시 동작구 동작대로 89 404호 (사당동, 골든시네마타워)",02-532-1283,,0
JDQ4MTYyMiM4MSMkMiMkMCMkMDAkNDgxOTYxIzIxIyQxIyQ5IyQ5MiQzNjE0ODEjNjEjJDEjJDAjJDgz,박영우정신건강의학과의원,신경과,1,1,100,128.6197388,35.8825004,230000,대구,230002,대구동구,대구광역시 동구 아양로 51-1 (신암동),053-742-8822,,0
JDU4MTI3MSM1MSMkMiMkMCMkMDAkNDgxMTkxIzQxIyQxIyQ3IyQwMyQzNjE4MzIjNDEjJDEjJDgjJDgz,박용식신경과의원,신경과,1,1,100,127.1517293,37.622841,310000,경기,311500,남양주시,경기도 남양주시 다산중앙로123번길 21-7 신해센트럴타워 4층 (다산동),031-564-1175,,0
JDQ4MTYyMiM1MSMkMiMkMCMkMDAkNTgxMzUxIzUxIyQxIyQxIyQ5OSQyNjE0ODEjNjEjJDEjJDQjJDgz,박정민신경과의원,신경과,1,1,100,126.9323812,37.3608791,310000,경기,311400,군포시,"경기도 군포시 산본로 341 302,303,304호 (산본동, 현대코아텔)",031-399-7399,,0
JDQ4MTAxMiM1MSMkMiMkMCMkMDAkMzgxOTYxIzExIyQxIyQzIyQ5MiQyNjE4MzIjNjEjJDEjJDAjJDgz,박종권신경과의원,신경과,1,1,100,129.1275415,35.1807932,210000,부산,210009,부산해운대구,부산광역시 해운대구 재반로12번길 27 1층 (재송동),051-783-3770,,0
JDQ4MTYyMiM3MSMkMiMkMCMkMDAkMzgxNzAyIzIxIyQxIyQ5IyQwMyQyNjE4MzIjODEjJDEjJDYjJDgz,박종귀신경과의원,신경과,1,1,100,126.82505,35.1787763,240000,광주,240004,광주광산구,"광주광역시 광산구 하남대로 288 (운남동,세린빌딩 302호)",062-961-7495,,0
JDQ4MTYyMiM4MSMkMiMkOCMkMDAkMzgxMzUxIzIxIyQxIyQ5IyQ4OSQ0NjEwMDIjNDEjJDEjJDgjJDgz,박지욱신경과의원,신경과,1,1,100,126.4785151,33.4864792,390000,제주,390200,제주시,제주특별자치도 제주시 월랑로 3 (노형동),747-6119,,0
JDQ4MTYyMiM1MSMkMiMkOCMkMDAkMzgxMTkxIzIxIyQxIyQxIyQ3MiQyNjE0ODEjNTEjJDEjJDYjJDgz,박찬희신경과의원,신경과,1,1,100,127.5812876,36.7817443,330000,충북,330011,증평군,충청북도 증평군 증평읍 역전로 53 (),043-836-9771,,0
JDQ4MTYyMiM1MSMkMiMkMCMkMDAkMzgxOTYxIzMxIyQyIyQzIyQwMCQzNjEwMDIjNjEjJDEjJDgjJDgz,방성우신경과의원,신경과,1,1,100,126.7231448,37.4941467,220000,인천,220003,인천부평구,인천광역시 부평구 부평문화로 61 (부평동),032-526-0012,,0
JDQ4MTYyMiM2MSMkMiMkMiMkMDAkMzgxMTkxIzUxIyQxIyQxIyQ4OSQyNjE4MzIjNDEjJDEjJDgjJDgz,방차옥신경과의원,신경과,1,1,100,126.6295004,36.8945146,340000,충남,340900,당진시,충청남도 당진시 북문길 1 1층 (읍내동),041-356-8275,,0
JDU4MTI3MSM1MSMkMiMkMCMkMDAkMzgxMzUxIzExIyQxIyQzIyQ3MiQ0NjEwMDIjODEjJDEjJDYjJDgz,배명철신경과의원,신경과,1,1,100,127.20326,37.234643,310000,경기,312003,용인처인구,"경기도 용인시 처인구 금령로 62 201호 (김량장동, 위너스프라자)",031-333-7833,,0
JDQ4MTYyMiM2MSMkMiMkMiMkMDAkNDgxOTYxIzExIyQxIyQzIyQ2MiQ0NjEwMDIjNzEjJDEjJDgjJDgz,배상우젊은신경과의원,신경과,1,1,100,126.6681787,36.6009889,340000,충남,340015,홍성군,충청남도 홍성군 홍성읍 조양로 166 선일빌딩 2층,041-633-7878,,0
JDQ4MTAxMiM1MSMkMiMkMCMkMDAkNDgxOTYxIzIxIyQxIyQxIyQ3OSQ0NjEwMDIjNzEjJDEjJDgjJDgz,배지호신경과의원,신경과,1,1,100,129.077525,35.205376,210000,부산,210003,부산동래구,"부산광역시 동래구 중앙대로 1325 9층 902호 (온천동, 이센타워)",051-714-3114,,0
JDQ4MTYyMiM2MSMkMiMkNiMkMDAkMzgxMzUxIzMxIyQxIyQzIyQ3MiQyNjE4MzIjNTEjJDEjJDYjJDgz,배철정신건강의학과의원,신경과,1,1,100,127.1212296,35.8408631,350000,전북,350402,전주덕진구,전라북도 전주시 덕진구 사평로 38 2층 (덕진동1가),063-277-3332,,0
JDQ4MTg4MSM1MSMkMiMkNCMkMDAkNDgxMTkxIzExIyQxIyQ3IyQ2MiQzNjEwMDIjNTEjJDEjJDYjJDgz,백기훈신경과의원,신경과,1,1,100,126.8632217,37.5257698,110000,서울,110020,양천구,"서울특별시 양천구 오목로 232 305호 (신정동, 보성상가)",02-2690-2075,,0
JDQ4MTYyMiM2MSMkMiMkMiMkMDAkMzgxMTkxIzExIyQxIyQzIyQxMyQ0NjE0ODEjODEjJDEjJDYjJDgz,백낙천신경과의원,신경과,1,1,100,127.3803034,36.3126705,250000,대전,250003,대전서구,대전광역시 서구 도산로 45 502호 (도마동),042-583-5969,,0
JDQ4MTYyMiM4MSMkMiMkMCMkMDAkNDgxOTYxIzIxIyQxIyQ1IyQ3MiQyNjE0ODEjNDEjJDEjJDgjJDgz,백두신경과의원,신경과,1,1,100,128.5561454,35.8348857,230000,대구,230001,대구남구,대구광역시 남구 월배로 470 (대명동),053-621-7585,,0
JDQ4MTg4MSM1MSMkMiMkMCMkMDAkNDgxMzUxIzIxIyQyIyQxIyQwMCQ0NjEwMDIjNDEjJDEjJDgjJDgz,백명기의원,신경과,1,1,100,126.9850667,37.5617322,110000,서울,110017,중구,"서울특별시 중구 명동8길 45 3층,4층 (충무로2가, 중앙빌딩)",02-775-9238,,0
JDQ4MTAxMiM1MSMkMiMkMCMkMDAkMzgxOTYxIzMxIyQxIyQ3IyQ2MiQyNjE0ODEjNjEjJDEjJDgjJDgz,백성욱정신건강의학과의원,신경과,1,1,100,129.08199,35.1867464,210000,부산,210013,부산연제구,부산광역시 연제구 중앙대로 1108 2층 (연산동),051-555-3333,,0
JDQ4MTg4MSM1MSMkMiMkMCMkMDAkNTgxOTYxIzIxIyQxIyQxIyQ2MiQyNjE0ODEjNDEjJDEjJDgjJDgz,베드로신경정신과의원,신경과,1,1,100,127.0155017,37.5921783,110000,서울,110012,성북구,서울특별시 성북구 동소문로 92 지상8층 (동소문동5가),02-921-8846,,0
JDQ4MTYyMiM3MSMkMiMkMCMkMDAkMzgxMTkxIzIxIyQxIyQ5IyQ3MiQzNjEyMjIjNjEjJDEjJDgjJDgz,베스트신경과의원,신경과,2,2,100,126.920133,35.1428846,240000,광주,240001,광주동구,광주광역시 동구 문화전당로 3 (남동),062-232-2175,,0
JDU4MTI3MSM1MSMkMiMkMCMkMDAkNDgxNzAyIzIxIyQyIyQ1IyQwMCQzNjE0ODEjNDEjJDEjJDgjJDgz,변상진 신경과 의원,신경과,1,1,100,127.4471949,37.2784532,310000,경기,312100,이천시,경기도 이천시 이섭대천로 1212 서울메디칼  빌딩4층 (창전동),031-638-9602,,0
JDQ4MTYyMiM1MSMkMiMkOCMkMDAkMzgxOTYxIzUxIyQyIyQ1IyQwMCQzNjE0ODEjNDEjJDEjJDgjJDgz,변우규신경과의원,신경과,1,1,100,127.4915995,36.6290638,330000,충북,330101,청주상당구,충청북도 청주시 상당구 상당로 10 5~6층 (서운동),043-255-3375,http://,0
JDQ4MTYyMiM4MSMkMiMkNCMkMDAkMzgxMTkxIzIxIyQxIyQ1IyQxMyQ0NjEwMDIjNDEjJDEjJDgjJDgz,부경신경과의원,신경과,1,1,100,128.749513,35.248776,380000,경남,380100,김해시,경상남도 김해시 진례면 송현로 12 12,055-345-6727,,0
JDQ4MTAxMiM1MSMkMiMkMCMkMDAkNDgxMzUxIzUxIyQxIyQxIyQ4MiQyNjEwMDIjODEjJDEjJDIjJDgz,"부산달팽이 신경과,이비인후과 의원",신경과,1,2,50,129.1268114,35.1886612,210000,부산,210014,부산수영구,부산광역시 수영구 수영로 675 큐비 메디컬센터 6층 (광안동),051-784-7582,,0
JDU4MTI3MSM1MSMkMiMkMCMkMDAkNDgxMzUxIzIxIyQxIyQxIyQ5MiQzNjEwMDIjNjEjJDEjJDQjJDgz,부천뽀빠이신경과의원,신경과,1,1,100,126.7629628,37.5052742,310000,경기,310300,부천시,"경기도 부천시 길주로 183 602호 (중동, 영라이프빌딩)",032-327-8875,,0
JDQ4MTYyMiM1MSMkMiMkMCMkMDAkNDgxMTkxIzIxIyQyIyQxIyQwMCQzNjE4MzIjNDEjJDEjJDgjJDgz,부천신경내외의원,신경과,1,2,50,126.784575,37.4914096,310000,경기,310300,부천시,"경기도 부천시 부천로 80 풍산메디칼프라자 201,202호 (심곡동)",032-652-0488,,0
JDQ4MTYyMiM1MSMkMiMkOCMkMDAkMzgxMTkxIzExIyQxIyQzIyQ2MiQzNjE4MzIjNDEjJDEjJDgjJDgz,브레인신경과의원,신경과,2,2,100,127.4284311,36.6415873,330000,충북,330102,청주흥덕구,충청북도 청주시 흥덕구 대농로 56 (복대동),043-238-7588,,0
JDQ4MTYyMiM2MSMkMiMkMiMkMDAkMzgxOTYxIzMxIyQxIyQ3IyQ3OSQyNjE4MzIjNjEjJDEjJDQjJDgz,비엔피신경과의원,신경과,1,1,100,127.3446323,36.3522995,250000,대전,250001,대전유성구,대전광역시 유성구 계룡로132번길 10 2층 209호 (봉명동),042-522-8287,,0
JDQ4MTYyMiM2MSMkMiMkMiMkMDAkMzgxOTYxIzMxIyQxIyQ3IyQ4MiQyNjEyMjIjNDEjJDEjJDgjJDgz,삼부의원,신경과,1,1,100,127.3937376,36.3241132,250000,대전,250005,대전중구,"대전광역시 중구 태평로 83 2층 (태평동, 삼부스포렉스)",042-533-7713,,0
JDQ4MTYyMiM1MSMkMiMkMCMkMDAkNDgxNzAyIzIxIyQxIyQ5IyQxMyQyNjEyMjIjNDEjJDEjJDgjJDgz,삼성노블카운티의원,신경과,1,2,50,127.0838705,37.2533475,310000,경기,312001,용인기흥구,경기도 용인시 기흥구 덕영대로 1751 (하갈동),031-208-8150,http://,0
JDQ4MTYyMiM3MSMkMiMkMCMkMDAkNDgxMzUxIzIxIyQxIyQ1IyQ3MiQzNjEwMDIjNTEjJDEjJDIjJDgz,삼성맑은신경과의원,신경과,1,1,100,126.4663888,34.8078865,360000,전남,360009,무안군,전라남도 무안군 삼향읍 남악4로34번길 6 2층 210호211호호 (에드가채움 주상복합 아파트),061-283-1717,,0
JDQ4MTYyMiM4MSMkMiMkOCMkMDAkMzgxMzUxIzUxIyQxIyQ1IyQ5OSQyNjE0ODEjNzEjJDEjJDgjJDgz,삼성맘편한신경과의원,신경과,1,1,100,126.5604883,33.2548013,390000,제주,390100,서귀포시,제주특별자치도 서귀포시 중앙로 113 2층 (서홍동),064-733-9119,,0
JDQ4MTg4MSM1MSMkMiMkNCMkMDAkNDgxNzAyIzIxIyQxIyQxIyQ5MiQzNjEwMDIjNzEjJDEjJDgjJDgz,삼성밸런스의원,신경과,1,3,33.33333333,127.0508054,37.5126016,110000,서울,110001,강남구,"서울특별시 강남구 봉은사로 469 5층, 6층 (삼성동, S Tower)",02-725-8275,,0
JDQ4MTAxMiM1MSMkMiMkMCMkMDAkNDgxOTYxIzMxIyQyIyQzIyQwMCQ0NjE0ODEjNDEjJDEjJDQjJDgz,삼성스마트신경과의원,신경과,1,1,100,129.0855308,35.2208431,210000,부산,210003,부산동래구,"부산광역시 동래구 중앙대로 1523 SKHUBSKY 2층 B2-6,7,8,9,12,13,14,15호 (온천동)",051-558-5898,,0
JDQ4MTg4MSM1MSMkMiMkMCMkMDAkNTgxMzUxIzExIyQxIyQzIyQxMyQzNjEyMjIjODEjJDEjJDYjJDgz,상계신경정신과의원,신경과,1,1,100,127.0609192,37.6518073,110000,서울,110022,노원구,"서울특별시 노원구 동일로 1379 204호 (상계동, 다모아빌딩)",02-3391-7575,,0
JDQ4MTYyMiM1MSMkMiMkMCMkMDAkNTgxMzUxIzMxIyQyIyQ3IyQwMCQzNjEyMjIjODEjJDEjJDYjJDgz,상천신경과의원,신경과,1,1,100,127.461368,37.7763215,310000,경기,310001,가평군,경기도 가평군 청평면 경춘로 1401 (청평면),031-585-8542,,0
JDQ4MTg4MSM1MSMkMiMkNCMkMDAkMzgxNzAyIzMxIyQyIyQ3IyQwMCQyNjE0ODEjNDEjJDEjJDgjJDgz,서울브레인신경과의원,신경과,1,1,100,127.0266474,37.522913,110000,서울,110001,강남구,"서울특별시 강남구 논현로159길 17 (신사동, 301호)",541-8275,http://www.seoulbrain.co.kr/,0
JDQ4MTg4MSM1MSMkMiMkNCMkMDAkMzgxMTkxIzIxIyQxIyQ1IyQ5OSQ0NjE0ODEjNjEjJDEjJDAjJDgz,서울스페셜수면의원,신경과,1,1,100,127.0295561,37.5159635,110000,서울,110001,강남구,"서울특별시 강남구 논현로 717 1층일부, 2층~4층 (논현동)",070-7090-3304,http://www.seoulsleepcenter.com,0
JDQ4MTYyMiM4MSMkMiMkNCMkMDAkMzgxNzAyIzIxIyQxIyQxIyQ3OSQyNjEwMDIjODEjJDEjJDYjJDgz,서울신경과내과의원,신경과,2,3,66.66666667,128.706515,35.1532271,380000,경남,380703,창원진해구,경상남도 창원시 진해구 냉천로 87 Y-Zone 3층 (석동),055-543-7575,,0
JDQ4MTYyMiM2MSMkMiMkMiMkMDAkNDgxOTYxIzExIyQxIyQzIyQ5MiQ0NjE0ODEjNDEjJDEjJDgjJDgz,서울신경과의원,신경과,1,1,100,127.0850348,36.20412,340000,충남,340700,논산시,충청남도 논산시 중앙로 459 (반월동),041-733-8484,,0
JDQ4MTg4MSM1MSMkMiMkNCMkMDAkNDgxMTkxIzIxIyQxIyQxIyQ3MiQzNjE4MzIjNTEjJDEjJDYjJDgz,서울신내의원,신경과,1,1,100,127.1011739,37.6064019,110000,서울,110019,중랑구,서울특별시 중랑구 용마산로 622 (신내동),02-3422-1911,,0
JDQ4MTYyMiM1MSMkMiMkOCMkMDAkMzgxMTkxIzExIyQxIyQzIyQ3MiQyNjE0ODEjNDEjJDEjJDgjJDgz,서울신통의원,신경과,1,1,100,127.5672927,36.3017607,330000,충북,330005,옥천군,충청북도 옥천군 옥천읍 금장로 28 (),043-733-7579,,0
JDQ4MTg4MSM1MSMkMiMkNCMkMDAkNDgxNzAyIzIxIyQxIyQxIyQ4MiQyNjE4MzIjNTEjJDEjJDYjJDgz,서울아산신경과의원,신경과,1,1,100,127.0352051,37.4843523,110000,서울,110021,서초구,"서울특별시 서초구 남부순환로350길 4 7층 (양재동, 대진빌딩)",02-578-4532,,0
JDQ4MTYyMiM1MSMkMiMkOCMkMDAkMzgxOTYxIzUxIyQxIyQxIyQ2MiQyNjEyMjIjNjEjJDEjJDQjJDgz,서울아산신경과의원,신경과,1,1,100,127.4855352,36.6685263,330000,충북,330103,청주청원구,충청북도 청주시 청원구 공항로 126 우양메디타워 501호 (율량동),043-257-7575,,0
JDQ4MTYyMiM1MSMkMiMkMCMkMDAkMzgxOTYxIzQxIyQxIyQ3IyQ5MiQyNjE0ODEjNzEjJDEjJDgjJDgz,서원벽신경정신과의원,신경과,1,1,100,126.6801711,37.4538813,220000,인천,220001,인천미추홀구,인천광역시 미추홀구 미추홀대로 634 (주안동),032-432-9911,,0
JDQ4MTAxMiM1MSMkMiMkMCMkMDAkNDgxOTYxIzMxIyQxIyQzIyQ5OSQ0NjEwMDIjNDEjJDEjJDgjJDgz,서재득신경과의원,신경과,1,1,100,129.1047804,35.2144461,210000,부산,210011,부산금정구,부산광역시 금정구 서동로 168 송월빌딩 2층 (서동),051-528-1119,,0
JDQ4MTg4MSM1MSMkMiMkNCMkMDAkNDgxOTYxIzIxIyQxIyQ1IyQxMyQ0NjEwMDIjNDEjJDEjJDQjJDgz,선우엔조신경과의원,신경과,2,2,100,127.0074717,37.5639214,110000,서울,110017,중구,"서울특별시 중구 퇴계로 320 7층 (광희동2가, S/W 빌딩)",02-2268-1400,,0
JDQ4MTYyMiM1MSMkMiMkOCMkMDAkMzgxMzUxIzIxIyQxIyQ5IyQxMyQ0NjEwMDIjODEjJDEjJDIjJDgz,선하신경과의원,신경과,1,1,100,127.4610559,36.635248,330000,충북,330104,청주서원구,충청북도 청주시 서원구 사직대로 123 3층 (사창동),043-274-8135,,0
JDQ4MTYyMiM1MSMkMiMkMCMkMDAkMzgxOTYxIzIxIyQxIyQxIyQ2MiQ0NjEwMDIjNzEjJDEjJDgjJDgz,성가신경과정신과의원,신경과,1,1,100,126.7080223,37.4617609,220000,인천,220006,인천남동구,인천광역시 남동구 남동대로 889 (간석동),423-3322,,0
JDU4MTI3MSM1MSMkMiMkMCMkMDAkMzgxMTkxIzIxIyQxIyQxIyQ4OSQyNjE0ODEjNDEjJDEjJDQjJDgz,성남시노인보건센터의원,신경과,1,1,100,127.1705808,37.4421563,310000,경기,310402,성남중원구,경기도 성남시 중원구 금상로 137 1층 (상대원동),031-739-3004,http://scsh.or.kr,0
JDU4MTI3MSM1MSMkMiMkMCMkMDAkNDgxMTkxIzUxIyQxIyQ1IyQ4MiQyNjE0ODEjNTEjJDEjJDIjJDgz,성모메트로정형외과의원,신경과,1,4,25,126.7467626,37.6760788,310000,경기,311902,고양일산서구,경기도 고양시 일산서구 중앙로 1575 2층 (대화동),031-919-2388,,0
JDQ4MTYyMiM1MSMkMiMkMCMkMDAkNDgxOTYxIzExIyQxIyQ3IyQxMyQzNjEwMDIjNjEjJDEjJDgjJDgz,성모신경정신건강의학과의원,신경과,1,1,100,127.129292,37.4125779,310000,경기,310403,성남분당구,"경기도 성남시 분당구 성남대로 926 510호 (야탑동, 메트로빌딩)",031-708-0353,,0
JDQ4MTYyMiM4MSMkMiMkMCMkMDAkMzgxNzAyIzMxIyQxIyQ3IyQwMyQ0NjEwMDIjNjEjJDEjJDAjJDgz,성모신경정신과의원,신경과,1,2,50,128.6193365,35.8818755,230000,대구,230002,대구동구,대구광역시 동구 아양로 48 (신암동),053-959-9856,,0
JDQ4MTg4MSM1MSMkMiMkNCMkMDAkNDgxOTYxIzExIyQxIyQzIyQ5MiQzNjE4MzIjNDEjJDEjJDQjJDgz,성북성심신경과의원,신경과,1,3,33.33333333,127.0214532,37.5983872,110000,서울,110012,성북구,서울특별시 성북구 동소문로 181 (돈암동),02-927-5100,http://www.sbsshp.co.kr,0
JDQ4MTg4MSM1MSMkMiMkMCMkMDAkNDgxMzUxIzExIyQxIyQ3IyQ4OSQ0NjE0ODEjNDEjJDEjJDgjJDgz,성원의원,신경과,1,1,100,127.006104,37.5707748,110000,서울,110016,종로구,서울특별시 종로구 종로 256 2층 (종로5가),02-743-0118,,0
JDQ4MTYyMiM1MSMkMiMkNCMkMDAkMzgxOTYxIzIxIyQxIyQ1IyQ2MiQyNjE0ODEjNTEjJDEjJDYjJDgz,세란신경과의원,신경과,1,1,100,128.8986684,37.7556769,320000,강원,320100,강릉시,강원도 강릉시 경강로 2120 5층 512호 (옥천동),033-645-6405,,0
JDQ4MTYyMiM3MSMkMiMkMCMkMDAkMzgxMzUxIzMxIyQxIyQ3IyQ5MiQyNjEyMjIjNDEjJDEjJDQjJDgz,세련신경과의원,신경과,1,1,100,126.3852213,34.7916198,360000,전남,360300,목포시,전라남도 목포시 수문로 8 (대안동),061-242-5559,,0
JDQ4MTYyMiM1MSMkMiMkMCMkMDAkNTgxOTYxIzUxIyQxIyQ1IyQ3OSQzNjE4MzIjNDEjJDEjJDQjJDgz,세민신경과의원,신경과,2,2,100,127.0881393,36.9926581,310000,경기,311200,평택시,경기도 평택시 평택2로 12-1 (평택동),031-656-0525,,0
JDQ4MTg4MSM1MSMkMiMkNCMkMDAkNDgxOTYxIzUxIyQxIyQxIyQ3MiQzNjE4MzIjNjEjJDEjJDgjJDgz,소중한메디케어의원,신경과,1,14,7.142857143,126.8863307,37.4810217,110000,서울,110025,금천구,"서울특별시 금천구 디지털로9길 68 3층, 지하1층 124호 (가산동, 대륭포스트타워 5차)",02-6371-8000,http://www.manclinic.co.kr,0
JDQ4MTYyMiM3MSMkMiMkMCMkMDAkMzgxNzAyIzIxIyQxIyQ5IyQ4MiQzNjEwMDIjNDEjJDEjJDgjJDgz,손의주신경과의원,신경과,1,1,100,126.8478289,35.1510031,240000,광주,240003,광주서구,광주광역시 서구 상무중앙로 43 3층 (치평동),062-369-7582,,0
JDQ4MTAxMiM1MSMkMiMkMCMkMDAkNDgxOTYxIzIxIyQxIyQ1IyQ4MiQyNjE4MzIjODEjJDEjJDIjJDgz,손제용신경과의원,신경과,1,1,100,129.0590642,35.1415079,210000,부산,210004,부산진구,부산광역시 부산진구 범일로 127 9층 (범천동),051-632-1155,,0
JDQ4MTYyMiM2MSMkMiMkNiMkMDAkMzgxOTYxIzMxIyQxIyQzIyQ5MiQzNjEwMDIjNDEjJDEjJDQjJDgz,송대원신경과의원,신경과,1,1,100,127.3878977,35.4096471,350000,전북,350200,남원시,전라북도 남원시 용성로 109 (동충동),063-632-2356,,0
JDQ4MTg4MSM1MSMkMiMkNCMkMDAkNDgxNzAyIzExIyQxIyQ3IyQ5MiQzNjEyMjIjODEjJDEjJDYjJDgz,송은철신경과의원,신경과,1,1,100,127.0507411,37.5045825,110000,서울,110001,강남구,"서울특별시 강남구 테헤란로 410 3층 301호 (대치동, 금강타워)",02-562-2158,,0
JDQ4MTAxMiM1MSMkMiMkMCMkMDAkMzgxNzAyIzExIyQyIyQ3IyQwMCQzNjEwMDIjODEjJDEjJDYjJDgz,송창원신경과의원,신경과,1,1,100,129.0778309,35.181762,210000,부산,210013,부산연제구,부산광역시 연제구 중앙대로 1043 3층 (연산동),051-864-2511,,0
JDU4MTI3MSM1MSMkMiMkMCMkMDAkNDgxOTYxIzUxIyQxIyQ1IyQ3OSQzNjEwMDIjNjEjJDEjJDAjJDgz,수원연세신경과의원,신경과,1,1,100,127.0169997,37.2783416,310000,경기,310603,수원팔달구,경기도 수원시 팔달구 정조로 788 (팔달로2가),031-271-1260,,0
JDQ4MTYyMiM4MSMkMiMkNCMkMDAkMzgxNzAyIzExIyQyIyQ3IyQwMCQ0NjE0ODEjNDEjJDEjJDgjJDgz,시민건강의원,신경과,1,1,100,129.268962,35.552275,260000,울산,260001,울산남구,"울산광역시 남구 북부순환도로 48 4,7층 (무거동)",052-221-0675,,0
JDQ4MTYyMiM1MSMkMiMkOCMkMDAkMzgxMzUxIzIxIyQxIyQ1IyQ4OSQzNjEyMjIjODEjJDEjJDYjJDgz,신관수신경과의원,신경과,1,1,100,127.454013,36.634274,330000,충북,330102,청주흥덕구,충청북도 청주시 흥덕구 사직대로 60 2층 (복대동),043-264-3933,,0
JDQ4MTYyMiM1MSMkMiMkMCMkMDAkNDgxMzUxIzExIyQxIyQzIyQwMyQ0NjEwMDIjNDEjJDEjJDQjJDgz,신구의원,신경과,1,1,100,127.1631941,37.4454787,310000,경기,310402,성남중원구,경기도 성남시 중원구 광명로 336 3층 (금광동),031-745-5678,,0
JDU4MTI3MSM1MSMkMiMkMCMkMDAkMzgxNzAyIzMxIyQxIyQ3IyQ4MiQyNjEwMDIjNjEjJDEjJDQjJDgz,신상건신경과의원,신경과,1,1,100,127.1358646,37.4423582,310000,경기,310401,성남수정구,경기도 성남시 수정구 수정로 141-1 (태평동),031-758-2700,http://www.shinneuro.net/index.asp,0
JDQ4MTYyMiM1MSMkMiMkNCMkMDAkMzgxMTkxIzExIyQxIyQ3IyQ5OSQzNjEyMjIjNDEjJDEjJDgjJDgz,신준현신경과의원,신경과,1,1,100,127.9285578,37.3337993,320000,강원,320400,원주시,"강원도 원주시 능라동길 35 베르뉴시티 3층 301호,302호 (무실동)",033-735-5254,http://drshinbrain.co.kr/,0
JDQ4MTg4MSM1MSMkMiMkNCMkMDAkNDgxNzAyIzUxIyQxIyQ1IyQ2MiQzNjE4MzIjNjEjJDEjJDgjJDgz,심동석신경과의원,신경과,1,1,100,127.0293978,37.5273826,110000,서울,110001,강남구,"서울특별시 강남구 압구정로 204 2층 (신사동, 대언빌딩)",02-548-1511,,0
JDQ4MTg4MSM1MSMkMiMkNCMkMDAkNDgxMTkxIzMxIyQxIyQ3IyQ3MiQyNjEwMDIjNDEjJDEjJDQjJDgz,아나파신경과의원,신경과,1,1,100,127.0130046,37.4928848,110000,서울,110021,서초구,서울특별시 서초구 반포대로30길 81 5층 501호 (서초동),02-6082-7582,"http://banpoanapa,co,kr",0
JDQ4MTYyMiM2MSMkMiMkNiMkMDAkMzgxMTkxIzMxIyQxIyQ3IyQ3OSQyNjE4MzIjNjEjJDEjJDAjJDgz,아나파신경과의원,신경과,1,1,100,126.8539391,35.56496,350000,전북,350500,정읍시,전라북도 정읍시 우암로 15-1 2~3층 (시기동),063-927-8114,,0
JDQ4MTg4MSM1MSMkMiMkNCMkMDAkNDgxMzUxIzUxIyQxIyQxIyQwMyQzNjE4MzIjNTEjJDEjJDIjJDgz,아름다운신경과의원,신경과,2,2,100,127.1438135,37.5480936,110000,서울,110002,강동구,서울특별시 강동구 양재대로 1596 (명일동),02-472-7168,http://www.hysclinic.com/,0
JDQ4MTAxMiM1MSMkMiMkMCMkMDAkNDgxOTYxIzMxIyQxIyQ3IyQ5OSQyNjE0ODEjNTEjJDEjJDYjJDgz,안규환신경과의원,신경과,1,1,100,129.0219071,35.1529037,210000,부산,210004,부산진구,부산광역시 부산진구 가야대로 456 4층 (개금동),051-715-7474,,0
JDU4MTI3MSM1MSMkMiMkMCMkMDAkNDgxMTkxIzIxIyQyIyQxIyQwMCQyNjE4MzIjNDEjJDEjJDgjJDgz,안양명신경과의원,신경과,1,1,100,126.9304996,37.39558,310000,경기,310701,안양만안구,"경기도 안양시 만안구 태평로52번길 21 마드리드동 401,402호호 (안양동)",031-465-0055,,0
JDQ4MTg4MSM1MSMkMiMkNCMkMDAkMzgxNzAyIzQxIyQxIyQ3IyQ3OSQ0NjEwMDIjODEjJDEjJDYjJDgz,양우석신경과의원,신경과,1,1,100,127.0576424,37.6666795,110000,서울,110022,노원구,"서울특별시 노원구 동일로 1548 2층 (상계동, 세일빌딩)",02-936-9933,,0
JDQ4MTYyMiM2MSMkMiMkNiMkMDAkMzgxOTYxIzMxIyQxIyQzIyQ4MiQyNjEyMjIjODEjJDEjJDIjJDgz,양윤정신경과의원,신경과,1,1,100,127.1250389,35.842359,350000,전북,350402,전주덕진구,전라북도 전주시 덕진구 기린대로 479-2 3층 (덕진동1가),063-273-7255,http://,0
JDQ4MTYyMiM4MSMkMiMkNCMkMDAkMzgxMTkxIzIxIyQxIyQ5IyQwMyQ0NjE0ODEjNDEjJDEjJDgjJDgz,양지의원,신경과,1,1,100,129.4285733,35.5423495,260000,울산,260002,울산동구,울산광역시 동구 동해안로 49 (동부동),052-232-3366,,0
JDQ4MTAxMiM1MSMkMiMkMCMkMDAkMzgxNzAyIzUxIyQxIyQxIyQ4MiQyNjEwMDIjNTEjJDEjJDIjJDgz,양창국의원,신경과,1,1,100,129.059438,35.156149,210000,부산,210004,부산진구,부산광역시 부산진구 중앙대로 708 12층 (부전동),051-818-2526,http://www.healthymindclinic.com/,0
JDQ4MTg4MSM1MSMkMiMkNCMkMDAkNTgxOTYxIzIxIyQxIyQxIyQ5MiQyNjE4MzIjNDEjJDEjJDgjJDgz,에이스신경과의원,신경과,1,1,100,127.1063375,37.5056285,110000,서울,110018,송파구,서울특별시 송파구 송파대로 437 청솔학원 5층 (석촌동),02-422-1145,,0
JDQ4MTg4MSM1MSMkMiMkNCMkMDAkMzgxNzAyIzUxIyQxIyQ1IyQ3MiQyNjEwMDIjNTEjJDEjJDIjJDgz,엘림신경정신과의원,신경과,1,1,100,127.0363289,37.5604534,110000,서울,110011,성동구,서울특별시 성동구 왕십리로 294-2 2층 (행당동),02-2299-1942,,0
JDU4MTI3MSM1MSMkMiMkMCMkMDAkNDgxMTkxIzUxIyQxIyQ1IyQ3MiQzNjEwMDIjNjEjJDEjJDgjJDgz,연세두리마취통증의학과의원,신경과,1,2,50,126.9934118,37.3054414,310000,경기,310602,수원장안구,경기도 수원시 장안구 정자로 164 가동 1층 (정자동),031-304-0119,,0
JDQ4MTg4MSM1MSMkMiMkNCMkMDAkNTgxOTYxIzIxIyQxIyQxIyQ2MiQyNjE0ODEjNjEjJDEjJDQjJDgz,연세든든척의원,신경과,1,1,100,127.0431869,37.6694582,110000,서울,110006,도봉구,"서울특별시 도봉구 도봉로 727-1 1층, 4층 (방학동)",02-3492-0010,,0
JDQ4MTg4MSM1MSMkMiMkMCMkMDAkNTgxMzUxIzExIyQxIyQzIyQ5OSQzNjEwMDIjNDEjJDEjJDQjJDgz,연세신경과의원,신경과,1,1,100,127.0157273,37.4852908,110000,서울,110021,서초구,"서울특별시 서초구 서초중앙로 39 6층 (서초동, 21세기병원)",3472-8858,,0
JDQ4MTg4MSM1MSMkMiMkNCMkMDAkMzgxMTkxIzIxIyQxIyQ1IyQ4OSQzNjE4MzIjODEjJDEjJDYjJDgz,연세신경과의원,신경과,1,1,100,127.0905258,37.5033878,110000,서울,110018,송파구,"서울특별시 송파구 백제고분로 216 (삼전동, 2층)",02-3432-7722,,0
JDQ4MTYyMiM1MSMkMiMkMCMkMDAkNTgxMzUxIzIxIyQxIyQ1IyQ5OSQyNjE4MzIjODEjJDEjJDIjJDgz,연세신경과의원,신경과,1,1,100,127.0318445,37.2604672,310000,경기,310603,수원팔달구,"경기도 수원시 팔달구 권광로 146 5층 (인계동, 보성빌딩)",031-898-7675,,0
JDQ4MTg4MSM1MSMkMiMkNCMkMDAkNDgxOTYxIzQxIyQxIyQ3IyQ2MiQzNjE0ODEjODEjJDEjJDIjJDgz,연세오원석신경과의원,신경과,1,1,100,127.0307576,37.5279999,110000,서울,110001,강남구,"서울특별시 강남구 압구정로 214 206호 (신사동, 현대종합상가빌딩)",02-547-2360,,0
JDQ4MTYyMiM1MSMkMiMkNCMkMDAkMzgxOTYxIzUxIyQyIyQxIyQwMCQyNjE0ODEjODEjJDEjJDIjJDgz,연세이상무신경과의원,신경과,1,1,100,127.7503481,37.8801477,320000,강원,320500,춘천시,"강원도 춘천시 보안길 65 501호 (후평동, 엠타워빌딩)",033-252-9606,http://www.neurolee.co.kr/,0
JDQ4MTYyMiM4MSMkMiMkMCMkMDAkNDgxMzUxIzExIyQyIyQ3IyQwMCQ0NjE0ODEjNTEjJDEjJDYjJDgz,예신경과의원,신경과,1,1,100,128.533539,35.8171899,230000,대구,230007,대구달서구,대구광역시 달서구 월배로 180 4층 (상인동),053-638-9119,,0
JDQ4MTYyMiM4MSMkMiMkMCMkMDAkNDgxOTYxIzQxIyQxIyQ3IyQ3MiQzNjE4MzIjNTEjJDEjJDYjJDgz,오앤이정신건강의학과의원,신경과,1,2,50,128.5659757,35.838883,230000,대구,230001,대구남구,대구광역시 남구 대명로 76 (대명동),053-623-0013,,0
JDU4MTI3MSM1MSMkMiMkMCMkMDAkMzgxMTkxIzMxIyQxIyQzIyQxMyQzNjE4MzIjNjEjJDEjJDAjJDgz,오즈신경과의원,신경과,1,1,100,127.0689888,37.1461114,310000,경기,311800,오산시,"경기도 오산시 대원로 6 4층 (원동, 역전빌딩)",031-375-0777,,0
JDQ4MTYyMiM4MSMkMiMkMCMkMDAkMzgxNzAyIzExIyQxIyQzIyQ5MiQyNjEwMDIjNTEjJDEjJDYjJDgz,오희종신경과의원,신경과,2,2,100,128.6165891,35.8599554,230000,대구,230005,대구수성구,대구광역시 수성구 달구벌대로 2319 (수성동4가),053-476-7577,,0
JDQ4MTAxMiM1MSMkMiMkMCMkMDAkMzgxNzAyIzQxIyQxIyQ3IyQ3MiQyNjE0ODEjNDEjJDEjJDgjJDgz,온누리신경과의원,신경과,1,1,100,129.0075603,35.2103495,210000,부산,210005,부산북구,부산광역시 북구 만덕대로 22 4층 (덕천동),051-338-8275,,0
JDU4MTI3MSM1MSMkMiMkMCMkMDAkNDgxMTkxIzQxIyQxIyQ3IyQ5MiQzNjE4MzIjNjEjJDEjJDAjJDgz,올린의원,신경과,1,3,33.33333333,127.1146681,37.3882472,310000,경기,310403,성남분당구,"경기도 성남시 분당구 동판교로 55 로제비앙스퀘어 501호,502호,605호,703호 (백현동)",031-701-5959,,0
JDQ4MTYyMiM4MSMkMiMkMCMkMDAkNDgxOTYxIzExIyQxIyQ3IyQ4OSQzNjEwMDIjNDEjJDEjJDQjJDgz,완쾌신경과의원,신경과,2,3,66.66666667,128.5327317,35.8175647,230000,대구,230007,대구달서구,"대구광역시 달서구 월배로 175 우리빌딩 3,7층 302,701,702호 (상인동)",053-642-2123,,0
JDQ4MTg4MSM1MSMkMiMkNCMkMDAkMzgxOTYxIzUxIyQxIyQ1IyQwMyQyNjEwMDIjNTEjJDEjJDYjJDgz,우행원신경정신과의원,신경과,1,1,100,127.0142205,37.5728317,110000,서울,110016,종로구,서울특별시 종로구 종로 329-1 2층 (창신동),02-742-0002,,0
JDQ4MTYyMiM1MSMkMiMkMCMkMDAkNDgxNzAyIzIxIyQxIyQ1IyQ5OSQ0NjEwMDIjNDEjJDEjJDgjJDgz,원천의료재단 중화연합의원,신경과,1,2,50,126.9261957,37.3943675,310000,경기,310701,안양만안구,경기도 안양시 만안구 관악대로 8 (안양동),031-469-0365,,0
JDQ4MTYyMiM3MSMkMiMkMCMkMDAkNDgxMzUxIzIxIyQxIyQ1IyQwMyQyNjEyMjIjNDEjJDEjJDQjJDgz,유달연합의원,신경과,1,1,100,126.393316,34.8033241,360000,전남,360300,목포시,전라남도 목포시 영산로 247-1 2층 (용당동),061-273-2475,,0
JDQ4MTYyMiM4MSMkMiMkMCMkMDAkNDgxMTkxIzExIyQxIyQzIyQ4MiQ0NjEwMDIjODEjJDEjJDIjJDgz,유영수신경과의원,신경과,1,1,100,128.6977247,36.5715373,370000,경북,370400,안동시,경상북도 안동시 경북대로 486 3층 (송현동),054-855-8275,,0
JDQ4MTYyMiM1MSMkMiMkOCMkMDAkMzgxMzUxIzIxIyQxIyQ1IyQ5OSQzNjEwMDIjODEjJDEjJDIjJDgz,유완상정신건강의학과의원,신경과,1,1,100,127.491034,36.632858,330000,충북,330101,청주상당구,충청북도 청주시 상당구 상당로 52 (문화동),043-252-7895,,0
JDQ4MTYyMiM1MSMkMiMkMCMkMDAkNDgxNzAyIzIxIyQxIyQ1IyQ5MiQzNjE0ODEjNzEjJDEjJDgjJDgz,윤신경과의원,신경과,1,1,100,126.7958603,37.4751041,310000,경기,310300,부천시,"경기도 부천시 소사로 188-1 (소사본동, 지상2층)",032-347-7544,,0
JDQ4MTYyMiM4MSMkMiMkNCMkMDAkMzgxMTkxIzMxIyQxIyQ3IyQ4MiQzNjEwMDIjNjEjJDEjJDQjJDgz,윤의원,신경과,1,1,100,128.4222061,34.8423374,380000,경남,380800,통영시,"경상남도 통영시 중앙로 120 3층 (항남동, 동보빌딩)",055-646-8500,,0
JDQ4MTYyMiM4MSMkMiMkNCMkMDAkNDgxOTYxIzIxIyQxIyQxIyQ4OSQzNjE4MzIjNjEjJDEjJDgjJDgz,의령신경과의원,신경과,1,1,100,128.2651133,35.3204168,380000,경남,380011,의령군,경상남도 의령군 의령읍 의병로 259-1 의령신경과의원,055-573-7582,,0
JDU4MTI3MSM1MSMkMiMkMCMkMDAkMzgxMzUxIzUxIyQxIyQ1IyQ4MiQzNjE4MzIjNzEjJDEjJDgjJDgz,의정부파티마의원,신경과,1,1,100,127.0427315,37.7327684,310000,경기,310800,의정부시,경기도 의정부시 경의로 66 2층 (의정부동),031-878-9009,,0
JDQ4MTYyMiM4MSMkMiMkNCMkMDAkMzgxOTYxIzUxIyQyIyQxIyQwMCQyNjE0ODEjNDEjJDEjJDQjJDgz,이.문신경정신과의원,신경과,1,2,50,128.5844145,35.2402628,380000,경남,380701,창원마산회원구,"경상남도 창원시 마산회원구 3·15대로 772 (합성동, 경남고시학원)",055-293-1222,,0
JDU4MTI3MSM1MSMkMiMkMCMkMDAkNDgxNzAyIzIxIyQxIyQ1IyQ4MiQzNjE4MzIjNzEjJDEjJDgjJDgz,이광우신경과의원,신경과,1,1,100,127.1284766,37.4297249,310000,경기,310402,성남중원구,경기도 성남시 중원구 둔촌대로 84 7층 708호 (성남동),031-755-3215,,0
JDU4MTI3MSM1MSMkMiMkMCMkMDAkNDgxMTkxIzExIyQyIyQ3IyQwMCQ0NjEwMDIjNTEjJDEjJDYjJDgz,이규환정신건강의학과의원,신경과,1,2,50,127.0634222,37.067009,310000,경기,311200,평택시,"경기도 평택시 관광특구로 41 201호 (서정동, 용천빌딩)",031-662-7577,,0
JDQ4MTYyMiM4MSMkMiMkMCMkMDAkNDgxOTYxIzExIyQxIyQ3IyQ3MiQyNjEwMDIjNjEjJDEjJDgjJDgz,이김신경과의원,신경과,3,3,100,128.7373613,35.8255841,370000,경북,371000,경산시,경상북도 경산시 경안로 202 4층 (중방동),053-811-8200,,0
JDQ4MTg4MSM1MSMkMiMkNCMkMDAkNDgxNzAyIzMxIyQxIyQzIyQ5OSQzNjEwMDIjNDEjJDEjJDQjJDgz,이삭신경과의원,신경과,1,1,100,126.9199903,37.5002105,110000,서울,110013,영등포구,"서울특별시 영등포구 여의대방로 145 2층 (신길동, 세인트빌딩)",02-836-0700,,0
JDQ4MTg4MSM1MSMkMiMkMCMkMDAkMzgxNzAyIzExIyQxIyQzIyQ5OSQzNjE4MzIjODEjJDEjJDYjJDgz,이상구신경과의원,신경과,1,1,100,126.9053584,37.5195775,110000,서울,110013,영등포구,서울특별시 영등포구 영등포로 216 (영등포동3가),02-2678-6355,,0
JDQ4MTYyMiM4MSMkMiMkMCMkMDAkNDgxOTYxIzExIyQxIyQ3IyQwMyQyNjE4MzIjNjEjJDEjJDAjJDgz,이상도신경과의원,신경과,1,1,100,128.5899057,35.8674559,230000,대구,230006,대구중구,대구광역시 중구 달구벌대로415길 25 (계산동2가),053-252-0418,,0
JDQ4MTAxMiM1MSMkMiMkMCMkMDAkMzgxNzAyIzIxIyQxIyQ1IyQxMyQzNjEwMDIjNjEjJDEjJDQjJDgz,이상익신경과의원,신경과,1,1,100,129.0313991,35.1031753,210000,부산,210008,부산중구,부산광역시 중구 대청로 105 3층 (대청동2가),051-464-1373,,0
JDU4MTI3MSM1MSMkMiMkMCMkMDAkNDgxOTYxIzMxIyQyIyQzIyQwMCQyNjE0ODEjNDEjJDEjJDQjJDgz,이상현신경과의원,신경과,1,1,100,127.2441115,37.6550783,310000,경기,311500,남양주시,"경기도 남양주시 늘을2로 26 5층 508호 (호평동, 메인시네마타워)",031-595-5277,,0
JDQ4MTAxMiM1MSMkMiMkMCMkMDAkNDgxMzUxIzExIyQyIyQzIyQwMCQ0NjEwMDIjNDEjJDEjJDgjJDgz,이성훈신경과의원,신경과,1,1,100,129.0809947,35.1866707,210000,부산,210013,부산연제구,부산광역시 연제구 중앙대로 1107 601호 (연산동),051-851-7581,,0
JDQ4MTYyMiM3MSMkMiMkMCMkMDAkNDgxMzUxIzExIyQxIyQ3IyQ2MiQyNjEwMDIjNDEjJDEjJDQjJDgz,이승철신경과의원,신경과,1,1,100,127.7280127,34.7400777,360000,전남,360500,여수시,"전라남도 여수시 남산로 126 4층 (서교동, 성흔빌딩)",061-644-6677,,0
JDQ4MTYyMiM4MSMkMiMkMCMkMDAkMzgxMTkxIzQxIyQxIyQ3IyQ4OSQyNjEwMDIjODEjJDEjJDYjJDgz,이신경과의원,신경과,1,1,100,128.5783424,35.8707223,230000,대구,230004,대구서구,대구광역시 서구 국채보상로 436 (비산동),053-573-7582,,0
JDQ4MTYyMiM2MSMkMiMkMiMkMDAkNDgxOTYxIzExIyQxIyQ3IyQ3MiQ0NjE0ODEjNTEjJDEjJDIjJDgz,이앤오신경과의원,신경과,2,2,100,127.1081762,36.8129631,340000,충남,340201,천안서북구,충청남도 천안시 서북구 불당21로 71 402호 (불당동),041-522-2501,,0
JDQ4MTAxMiM1MSMkMiMkMCMkMDAkMzgxMTkxIzExIyQyIyQzIyQwMCQ0NjEwMDIjNDEjJDEjJDQjJDgz,이영주신경정신과의원,신경과,1,1,100,129.0786858,35.1818831,210000,부산,210013,부산연제구,부산광역시 연제구 중앙대로 1050 3층 (연산동),051-866-5762,,0
JDQ4MTYyMiM4MSMkMiMkMCMkMDAkMzgxNzAyIzIxIyQxIyQ5IyQ3MiQ0NjEwMDIjNDEjJDEjJDQjJDgz,이용희신경과의원,신경과,1,1,100,129.364082,36.0307494,370000,경북,370702,포항북구,"경상북도 포항시 북구 중흥로 319 2층 (죽도동, 굿모닝메디컬센터)",054-272-3777,,0
JDQ4MTYyMiM4MSMkMiMkMCMkMDAkNDgxOTYxIzUxIyQyIyQxIyQwMCQ0NjEwMDIjNDEjJDEjJDgjJDgz,이장준신경과의원,신경과,1,1,100,128.6390819,35.8210839,230000,대구,230005,대구수성구,"대구광역시 수성구 지범로 182 6층 (지산동, 농협 범물지점)",053-781-6114,,0
JDQ4MTYyMiM4MSMkMiMkMCMkMDAkNDgxOTYxIzQxIyQxIyQ3IyQ3OSQyNjE4MzIjNjEjJDEjJDAjJDgz,이재봉신경과의원,신경과,1,1,100,128.5918379,35.887655,230000,대구,230003,대구북구,대구광역시 북구 침산로 128 2층 (침산동),053-353-0007,,0
JDQ4MTYyMiM1MSMkMiMkNCMkMDAkMzgxMzUxIzQxIyQxIyQ3IyQ4OSQyNjE0ODEjNDEjJDEjJDgjJDgz,이정신건강의학과의원,신경과,1,1,100,129.1109039,37.5237799,320000,강원,320200,동해시,강원도 동해시 천곡로 52 (천곡동),033-533-9895,,0
JDQ4MTYyMiM4MSMkMiMkMCMkMDAkMzgxOTYxIzMxIyQxIyQ3IyQ4OSQzNjEyMjIjODEjJDEjJDIjJDgz,이정신건강의학과의원,신경과,1,1,100,128.7193696,36.5664641,370000,경북,370400,안동시,경상북도 안동시 서동문로 53 1층 (평화동),054-857-5688,,0
JDU4MTI3MSM1MSMkMiMkMCMkMDAkMzgxNzAyIzQxIyQxIyQ3IyQ5MiQ0NjE0ODEjNjEjJDEjJDgjJDgz,이정신경과의원,신경과,1,1,100,126.99234,37.3066783,310000,경기,310602,수원장안구,경기도 수원시 장안구 파장로82번길 6 (파장동),031-245-8275,,0
JDQ4MTg4MSM1MSMkMiMkNCMkMDAkNDgxMTkxIzIxIyQxIyQxIyQ5OSQzNjE0ODEjNzEjJDEjJDgjJDgz,이종문신경과의원,신경과,1,1,100,127.0138471,37.5449094,110000,서울,110011,성동구,"서울특별시 성동구 매봉길 13 지하층 209호 일부, 210호 (옥수동, 래미안 옥수 리버젠 상가)",02-2281-4342,,0
JDQ4MTg4MSM1MSMkMiMkMCMkMDAkNDgxOTYxIzMxIyQxIyQ3IyQ2MiQzNjEwMDIjNjEjJDEjJDgjJDgz,이창훈신경과의원,신경과,1,1,100,127.0227608,37.6335036,110000,서울,110024,강북구,서울특별시 강북구 도봉로77길 9 (수유동),02-987-2616,,0
JDQ4MTg4MSM1MSMkMiMkNCMkMDAkMzgxMzUxIzQxIyQxIyQ3IyQ3OSQyNjE0ODEjODEjJDEjJDYjJDgz,이태규신경과의원,신경과,3,4,75,127.0322915,37.5115889,110000,서울,110001,강남구,서울특별시 강남구 논현로 648 선기빌딩 4층 (논현동),02-548-3369,,0
JDQ4MTYyMiM2MSMkMiMkNiMkMDAkMzgxMTkxIzExIyQxIyQzIyQ5MiQzNjE0ODEjNjEjJDEjJDQjJDgz,이한샘신경과의원,신경과,1,1,100,127.1201847,35.8319368,350000,전북,350401,전주완산구,전라북도 전주시 완산구 당산로 108 3층 (서신동),063-276-8550,,0
JDQ4MTAxMiM1MSMkMiMkMCMkMDAkNDgxOTYxIzMxIyQxIyQ3IyQ4OSQ0NjE0ODEjNDEjJDEjJDgjJDgz,이현석신경과의원,신경과,1,1,100,128.9695379,35.1053889,210000,부산,210010,부산사하구,"부산광역시 사하구 낙동대로 450 5,6층 (당리동)",051-715-5775,,0
JDQ4MTAxMiM1MSMkMiMkMCMkMDAkMzgxOTYxIzMxIyQyIyQ3IyQwMCQzNjE4MzIjNjEjJDEjJDgjJDgz,이현섭의원,신경과,1,1,100,129.0594509,35.1985656,210000,부산,210003,부산동래구,부산광역시 동래구 사직북로47번길 25 (사직동),051-505-8456,,0
JDU4MTI3MSM1MSMkMiMkMCMkMDAkMzgxMzUxIzIxIyQxIyQ1IyQ3OSQyNjEwMDIjNjEjJDEjJDgjJDgz,이혜승의원,신경과,1,2,50,127.0513862,37.7410663,310000,경기,310800,의정부시,경기도 의정부시 태평로 95 (의정부동),031-847-0075,,0
JDQ4MTYyMiM4MSMkMiMkMCMkMDAkMzgxOTYxIzMxIyQxIyQzIyQ3MiQyNjE0ODEjNDEjJDEjJDgjJDgz,인성신경과의원,신경과,2,3,66.66666667,128.5504651,35.9436251,230000,대구,230003,대구북구,대구광역시 북구 칠곡중앙대로 537 (읍내동),053-323-0018,,0
JDQ4MTAxMiM1MSMkMiMkMCMkMDAkMzgxNzAyIzIxIyQxIyQxIyQ2MiQyNjEyMjIjODEjJDEjJDIjJDgz,임권일신경과의원,신경과,1,1,100,128.9646788,35.1058136,210000,부산,210010,부산사하구,부산광역시 사하구 낙동남로 1400 6층 601호 (하단동),202-1917,,0
JDQ4MTYyMiM1MSMkMiMkNCMkMDAkMzgxOTYxIzUxIyQxIyQ1IyQ4MiQyNjE4MzIjNDEjJDEjJDgjJDgz,임수빈신경과의원,신경과,1,1,100,128.8990071,37.7583465,320000,강원,320100,강릉시,강원도 강릉시 옥가로 21 2층 (옥천동),033-646-5522,,0
JDQ4MTAxMiM1MSMkMiMkMCMkMDAkNDgxOTYxIzMxIyQyIyQzIyQwMCQyNjE0ODEjNjEjJDEjJDAjJDgz,임용빈신경과의원,신경과,1,1,100,129.1755732,35.1704651,210000,부산,210009,부산해운대구,부산광역시 해운대구 양운로 82 해운대화인크리닉센타 5층 503호 (좌동),051-701-9700,,0
JDQ4MTYyMiM1MSMkMiMkMCMkMDAkNDgxNzAyIzMxIyQxIyQzIyQ4OSQzNjEwMDIjNjEjJDEjJDAjJDgz,임재환신경과의원,신경과,1,1,100,126.7849764,37.8581167,310000,경기,312200,파주시,경기도 파주시 문산읍 문향로67번길 2 3층 (중앙빌딩),031-953-8089,,0
JDQ4MTYyMiM4MSMkMiMkMCMkMDAkNDgxOTYxIzUxIyQxIyQxIyQwMyQyNjE0ODEjNjEjJDEjJDAjJDgz,임정근신경과의원,신경과,1,1,100,128.5818127,35.8684351,230000,대구,230006,대구중구,대구광역시 중구 달성로 37 (대신동),053-422-2590,,0
JDU4MTI3MSM1MSMkMiMkMCMkMDAkNDgxMTkxIzMxIyQxIyQ3IyQ4MiQyNjE0ODEjNTEjJDEjJDYjJDgz,임태성신경과의원,신경과,1,1,100,127.0747301,37.2559363,310000,경기,310604,수원영통구,경기도 수원시 영통구 봉영로 1623 드림피아빌딩 509호 (영통동),031-273-0075,,0
JDQ4MTYyMiM4MSMkMiMkMCMkMDAkNDgxOTYxIzMxIyQxIyQzIyQwMyQyNjEwMDIjNTEjJDEjJDYjJDgz,장상섭신경과의원,신경과,1,1,100,129.3679952,36.0484731,370000,경북,370702,포항북구,경상북도 포항시 북구 대신로 48 2층 (대신동),054-614-0070,,0
JDQ4MTYyMiM1MSMkMiMkNCMkMDAkMzgxMzUxIzQxIyQxIyQ3IyQ5OSQyNjEwMDIjNzEjJDEjJDgjJDgz,장신경과의원,신경과,1,1,100,128.8957413,37.7548073,320000,강원,320100,강릉시,강원도 강릉시 경강로2095번길 3 (임당동),033-641-2717,,0
JDQ4MTg4MSM1MSMkMiMkMCMkMDAkNDgxNzAyIzMxIyQxIyQ3IyQ5OSQzNjE0ODEjNjEjJDEjJDAjJDgz,전명숙신경정신과의원,신경과,1,1,100,126.9052076,37.5204577,110000,서울,110013,영등포구,서울특별시 영등포구 영중로 46 2층 (영등포동5가),02-2636-1044,,0
JDQ4MTYyMiM2MSMkMiMkNiMkMDAkMzgxOTYxIzUxIyQyIyQ1IyQwMCQyNjE0ODEjNjEjJDEjJDQjJDgz,전주내과영상의학과의원,신경과,1,11,9.090909091,127.1144745,35.818678,350000,전북,350401,전주완산구,"전라북도 전주시 완산구 효자로 266 4층 (중화산동2가, ,STL빌딩)",063-220-1400,,0
JDQ4MTYyMiM2MSMkMiMkNiMkMDAkMzgxMTkxIzMxIyQyIyQ3IyQwMCQ0NjE0ODEjNzEjJDEjJDgjJDgz,전주두사랑신경과의원,신경과,2,2,100,127.1443837,35.843713,350000,전북,350402,전주덕진구,전라북도 전주시 덕진구 백제대로 686 2층 (인후동2가),063-246-7001,,0
JDQ4MTYyMiM1MSMkMiMkMCMkMDAkNTgxOTYxIzIxIyQxIyQ5IyQ3MiQzNjE0ODEjNDEjJDEjJDQjJDgz,젊은신경과의원,신경과,1,1,100,126.8305989,37.3086938,310000,경기,311101,안산단원구,"경기도 안산시 단원구 광덕대로 138 305~309호 (고잔동, 골든에이스프라자)",031-483-7075,,0
JDQ4MTYyMiM2MSMkMiMkMiMkMDAkNDgxOTYxIzExIyQxIyQ3IyQ3MiQzNjE0ODEjNDEjJDEjJDQjJDgz,정다운신경과의원,신경과,1,1,100,127.1245974,36.4581408,340000,충남,340300,공주시,충청남도 공주시 웅진로 199 3층 301호 (산성동),041-853-9905,,0
JDQ4MTg4MSM1MSMkMiMkNCMkMDAkNDgxNzAyIzQxIyQyIyQ3IyQwMCQ0NjEwMDIjNTEjJDEjJDIjJDgz,정슬기신경과의원,신경과,1,1,100,127.1301352,37.5416468,110000,서울,110002,강동구,"서울특별시 강동구 구천면로 233 4층 (천호동, 한양메디스퀘어)",02-486-1617,,0
JDQ4MTYyMiM2MSMkMiMkMiMkMDAkNDgxMzUxIzMxIyQxIyQ3IyQ2MiQzNjE4MzIjNTEjJDEjJDYjJDgz,정신경정신과의원,신경과,1,2,50,127.1310382,36.7981712,340000,충남,340201,천안서북구,충청남도 천안시 서북구 쌍용대로 8 3층 (쌍용동),041-578-4300,,0
JDQ4MTYyMiM1MSMkMiMkMCMkMDAkNDgxNzAyIzMxIyQxIyQ3IyQ5OSQ0NjE0ODEjNTEjJDEjJDIjJDgz,정항재신경과의원,신경과,1,1,100,126.6650469,37.4443962,220000,인천,220001,인천미추홀구,인천광역시 미추홀구 한나루로 411 (학익동),032-872-9200,,0
JDQ4MTYyMiM4MSMkMiMkNCMkMDAkMzgxOTYxIzIxIyQxIyQ1IyQ5OSQzNjE0ODEjNTEjJDEjJDYjJDgz,정환증정신건강의학과의원,신경과,1,2,50,128.5834528,35.2401431,380000,경남,380701,창원마산회원구,경상남도 창원시 마산회원구 3·15대로 765-1 (합성동),055-297-9164,,0
JDU4MTI3MSM1MSMkMiMkMCMkMDAkNDgxMTkxIzMxIyQxIyQzIyQwMyQyNjEyMjIjODEjJDEjJDIjJDgz,제이드림의원,신경과,1,1,100,126.9155054,37.0186888,310000,경기,311200,평택시,경기도 평택시 청북읍 안청로 346 에이스 플라자(ACE PLAZA) 302호,031-686-9923,,0
JDQ4MTYyMiM1MSMkMiMkOCMkMDAkMzgxOTYxIzQxIyQxIyQ3IyQ5OSQzNjEwMDIjODEjJDEjJDYjJDgz,제일신경과의원,신경과,1,1,100,127.4769323,36.6604825,330000,충북,330103,청주청원구,충청북도 청주시 청원구 1순환로330번길 34 2층 (내덕동),043-224-9933,,0
JDQ4MTYyMiM2MSMkMiMkMiMkMDAkMzgxMTkxIzIxIyQxIyQxIyQ5MiQzNjEyMjIjNDEjJDEjJDgjJDgz,제일신경과의원,신경과,1,1,100,127.2986527,36.5997257,410000,세종시,410000,세종시,세종특별자치시 조치원읍 새내로 88-1 2층,044-862-8275,,0
JDQ4MTYyMiM2MSMkMiMkMiMkMDAkMzgxMTkxIzMxIyQxIyQ3IyQ2MiQyNjEyMjIjNDEjJDEjJDgjJDgz,제일신경과의원,신경과,1,1,100,127.4098107,36.3220645,250000,대전,250005,대전중구,대전광역시 중구 계백로 1715 201호 (오류동),042-286-7582,,0
JDQ4MTYyMiM4MSMkMiMkMCMkMDAkNDgxMzUxIzIxIyQxIyQ5IyQ3MiQyNjE0ODEjNDEjJDEjJDgjJDgz,제종석신경과의원,신경과,1,1,100,128.1248394,36.1188244,370000,경북,370300,김천시,경상북도 김천시 중앙시장3길 4 (모암동),054-435-1100,,0
JDQ4MTg4MSM1MSMkMiMkMCMkMDAkMzgxNzAyIzUxIyQyIyQ1IyQwMCQzNjEwMDIjNzEjJDEjJDgjJDgz,조광신경정신과의원,신경과,1,1,100,127.0829885,37.5631013,110000,서울,110023,광진구,"서울특별시 광진구 능동로 380 (중곡동,(2,3,4층))",02-467-2323,,0
JDQ4MTYyMiM1MSMkMiMkMCMkMDAkMzgxOTYxIzUxIyQxIyQ1IyQ3OSQ0NjEwMDIjNTEjJDEjJDIjJDgz,조규형신경정신과의원,신경과,1,1,100,126.6880208,37.4582962,220000,인천,220001,인천미추홀구,인천광역시 미추홀구 경인로 431 (주안동),032-433-0830,,0
JDQ4MTYyMiM4MSMkMiMkNCMkMDAkNDgxOTYxIzExIyQxIyQ3IyQ3OSQzNjEyMjIjNjEjJDEjJDAjJDgz,조수현의원,신경과,1,1,100,128.4890038,35.1162913,380000,경남,380702,창원마산합포구,경상남도 창원시 마산합포구 진동면 삼진의거대로 654 진동농업협동조합 2층,055-271-8575,,0
JDQ4MTAxMiM1MSMkMiMkMCMkMDAkNDgxOTYxIzIxIyQxIyQ1IyQ3OSQzNjE0ODEjNTEjJDEjJDIjJDgz,조앤조내과신경과의원,신경과,1,2,50,129.070642,35.1728712,210000,부산,210004,부산진구,"부산광역시 부산진구 동평로 422 2,3층 (양정동)",051-337-0002,,0
JDQ4MTYyMiM2MSMkMiMkMiMkMDAkNDgxOTYxIzExIyQxIyQzIyQxMyQyNjE4MzIjNjEjJDEjJDAjJDgz,좋은날신경과의원,신경과,1,1,100,127.3369463,36.296682,250000,대전,250003,대전서구,대전광역시 서구 구봉로 125 스카이프라자 3층 (관저동),042-542-3588,,0
JDQ4MTYyMiM2MSMkMiMkNiMkMDAkMzgxMzUxIzMxIyQxIyQ3IyQ4MiQyNjE4MzIjNzEjJDEjJDgjJDgz,중앙정신건강의학과의원,신경과,1,1,100,126.8524127,35.5688417,350000,전북,350500,정읍시,전라북도 정읍시 중앙1길 66-1 (수성동),063-535-8876,,0
JDQ4MTYyMiM4MSMkMiMkNCMkMDAkNDgxOTYxIzExIyQxIyQzIyQxMyQyNjEyMjIjNDEjJDEjJDgjJDgz,진주신경과의원,신경과,1,1,100,128.0957294,35.1739345,380000,경남,380500,진주시,경상남도 진주시 진주대로816번길 18-1 명성빌딩 2층 (주약동),055-762-0945,,0
JDQ4MTYyMiM2MSMkMiMkMiMkMDAkNDgxMzUxIzQxIyQyIyQ3IyQwMCQ0NjEwMDIjODEjJDEjJDYjJDgz,찬스신경과의원,신경과,1,1,100,127.1288016,36.7966397,340000,충남,340201,천안서북구,"충청남도 천안시 서북구 충무로 205 4층 (쌍용동, 다선빌딩)",041-415-2235,,0
JDQ4MTYyMiM2MSMkMiMkNiMkMDAkMzgxOTYxIzMxIyQxIyQ3IyQ5OSQyNjE0ODEjODEjJDEjJDYjJDgz,참사랑신경과의원,신경과,1,1,100,126.8167809,35.9448308,350000,전북,350100,군산시,전라북도 군산시 대야면 대야시장로 16 (대야면),063-451-9222,,0
JDQ4MTYyMiM2MSMkMiMkMiMkMDAkNDgxMzUxIzUxIyQyIyQ1IyQwMCQyNjE4MzIjNTEjJDEjJDIjJDgz,참편한연합의원,신경과,1,1,100,127.3941455,36.3178799,250000,대전,250005,대전중구,대전광역시 중구 계백로 1567 2~3층 (유천동),042-531-8400,,0
JDQ4MTYyMiM1MSMkMiMkOCMkMDAkMzgxOTYxIzMxIyQxIyQzIyQ5OSQzNjEyMjIjNjEjJDEjJDAjJDgz,참편한하신경과의원,신경과,1,1,100,127.5049721,36.6302262,330000,충북,330101,청주상당구,충청북도 청주시 상당구 중고개로 322 2층 (금천동),043-285-5288,http://,0
JDQ4MTYyMiM2MSMkMiMkMiMkMDAkNDgxOTYxIzExIyQxIyQzIyQwMyQzNjE0ODEjNjEjJDEjJDQjJDgz,척신경과의원,신경과,1,1,100,127.4288251,36.3294978,250000,대전,250005,대전중구,대전광역시 중구 대전천서로 457 4층 (은행동),042-721-8875,,0
JDQ4MTg4MSM1MSMkMiMkNCMkMDAkNDgxMTkxIzIxIyQxIyQ5IyQ3OSQzNjEwMDIjNTEjJDEjJDYjJDgz,청담아티젠의원,신경과,1,1,100,127.0400639,37.5247741,110000,서울,110001,강남구,서울특별시 강남구 선릉로 818 디자이너클럽 3층 (청담동),02-6224-8000,,0
JDQ4MTYyMiM4MSMkMiMkNCMkMDAkMzgxMTkxIzMxIyQxIyQzIyQ5MiQzNjE0ODEjODEjJDEjJDIjJDgz,청솔신경과의원,신경과,1,1,100,128.5993673,35.257483,380000,경남,380704,창원의창구,"경상남도 창원시 의창구 소계로90번길 3-1 (소계동, 1층)",055-251-0234,,0
JDQ4MTg4MSM1MSMkMiMkNCMkMDAkNDgxMTkxIzIxIyQxIyQxIyQ4OSQzNjE0ODEjNDEjJDEjJDQjJDgz,체리쉬다오앤셀의원,신경과,1,1,100,126.9853758,37.5612704,110000,서울,110017,중구,서울특별시 중구 퇴계로 123 9층 (충무로2가),02-1661-5336,,0
JDQ4MTg4MSM1MSMkMiMkNCMkMDAkNDgxMTkxIzUxIyQxIyQxIyQxMyQzNjEwMDIjNjEjJDEjJDAjJDgz,초이스내과신경과의원,신경과,1,2,50,126.9851878,37.5173888,110000,서울,110014,용산구,서울특별시 용산구 이촌로 352 (용산동6가),795-1175,,0
JDQ4MTg4MSM1MSMkMiMkMCMkMDAkNDgxOTYxIzQxIyQxIyQ3IyQ4MiQyNjE4MzIjNDEjJDEjJDgjJDgz,최병호신경정신과의원,신경과,1,1,100,127.0141872,37.4925687,110000,서울,110021,서초구,서울특별시 서초구 서초중앙로 120 2층 (서초동),522-8404,,0
JDQ4MTYyMiM4MSMkMiMkNCMkMDAkNDgxOTYxIzExIyQxIyQ3IyQ5OSQyNjEyMjIjNjEjJDEjJDgjJDgz,최승호 신경과의원,신경과,1,1,100,129.3367805,35.5395317,260000,울산,260001,울산남구,울산광역시 남구 삼산로 273 삼산타워 9층 (삼산동),052-260-0300,,0
JDQ4MTYyMiM2MSMkMiMkNiMkMDAkMzgxMTkxIzMxIyQxIyQ3IyQ5MiQzNjE4MzIjODEjJDEjJDIjJDgz,최윤주신경과의원,신경과,1,1,100,127.1325668,35.8130637,350000,전북,350401,전주완산구,전라북도 전주시 완산구 서원로 350 1층 (중화산동1가),063-232-7582,,0
JDQ4MTYyMiM3MSMkMiMkMCMkMDAkMzgxMzUxIzUxIyQxIyQxIyQ4MiQ0NjEwMDIjNTEjJDEjJDIjJDgz,최종영신경정신과의원,신경과,1,1,100,127.5244124,34.945607,360000,전남,360400,순천시,전라남도 순천시 대석길 20 (연향동),723-4735,,0
JDQ4MTYyMiM4MSMkMiMkMCMkMDAkMzgxMTkxIzQxIyQxIyQ3IyQ3OSQyNjEyMjIjNDEjJDEjJDQjJDgz,칠곡중앙의원,신경과,1,1,100,128.5464903,35.9222546,230000,대구,230003,대구북구,대구광역시 북구 칠곡중앙대로 299 2층 (태전동),053-323-0090,http://www.jhclinic.net/,0
JDQ4MTg4MSM1MSMkMiMkNCMkMDAkMzgxMzUxIzIxIyQxIyQ5IyQ3OSQzNjE4MzIjNzEjJDEjJDgjJDgz,토마스신경과의원,신경과,1,1,100,127.0605491,37.5769111,110000,서울,110007,동대문구,서울특별시 동대문구 사가정로 148 104~108호 (전농동),02-3394-4430,,0
JDQ4MTYyMiM1MSMkMiMkMCMkMDAkNTgxMzUxIzIxIyQxIyQ5IyQ2MiQyNjEwMDIjNTEjJDEjJDIjJDgz,푸른솔신경과의원,신경과,1,1,100,126.7285171,37.4908748,220000,인천,220003,인천부평구,인천광역시 부평구 경원대로 1436 (부평동),032-518-3080,,0
JDQ4MTYyMiM2MSMkMiMkMiMkMDAkNDgxMzUxIzExIyQxIyQ3IyQ3MiQyNjE4MzIjNjEjJDEjJDgjJDgz,푸른신경과의원,신경과,1,1,100,127.4901156,36.1023111,340000,충남,340002,금산군,충청남도 금산군 금산읍 건삼전3길 1 심지약국 2층,041-753-3456,,0
JDQ4MTYyMiM4MSMkMiMkMCMkMDAkNDgxMTkxIzExIyQxIyQzIyQ3MiQyNjE0ODEjNzEjJDEjJDgjJDgz,푸른청신경과의원,신경과,2,2,100,128.7074495,35.8405303,230000,대구,230005,대구수성구,대구광역시 수성구 달구벌대로 3205 2층 (신매동),053-795-1212,,0
JDU4MTI3MSM1MSMkMiMkMCMkMDAkMzgxOTYxIzMxIyQxIyQzIyQ4OSQyNjEyMjIjNDEjJDEjJDQjJDgz,필립의원,신경과,1,26,3.846153846,127.1198192,37.3852816,310000,경기,310403,성남분당구,경기도 성남시 분당구 황새울로311번길 10 필립메디컬센터 (서현동),031-789-5800,,0
JDQ4MTYyMiM1MSMkMiMkMCMkMDAkNDgxMTkxIzUxIyQxIyQxIyQxMyQzNjEwMDIjNjEjJDEjJDgjJDgz,필신경과의원,신경과,1,1,100,126.7742089,37.7641457,310000,경기,312200,파주시,경기도 파주시 문화로 111-1 필신경과의원 3층 (금촌동),945-9989,,0
JDQ4MTAxMiM1MSMkMiMkMCMkMDAkNDgxOTYxIzIxIyQxIyQ5IyQ5OSQyNjE0ODEjNDEjJDEjJDgjJDgz,핑이비인후과의원,신경과,1,2,50,129.061303,35.1608859,210000,부산,210004,부산진구,부산광역시 부산진구 중앙대로 767 4층 (부전동),051-711-7875,,0
JDQ4MTg4MSM1MSMkMiMkNCMkMDAkMzgxMzUxIzIxIyQxIyQ5IyQ3MiQzNjE4MzIjNTEjJDEjJDYjJDgz,하나로신경과의원,신경과,1,1,100,126.8674133,37.5492813,110000,서울,110020,양천구,"서울특별시 양천구 공항대로 558 3층 (목동, 남영빌딩)",02-2646-1182,,0
JDQ4MTYyMiM3MSMkMiMkMCMkMDAkMzgxNzAyIzIxIyQxIyQ1IyQ4MiQ0NjE0ODEjODEjJDEjJDYjJDgz,하나로신경과의원,신경과,1,1,100,126.8981048,35.1221211,240000,광주,240005,광주남구,"광주광역시 남구 서문대로701번길 2 4층 (진월동, 넥스타워)",062-672-6060,,0
JDQ4MTYyMiM2MSMkMiMkMiMkMDAkMzgxNzAyIzMxIyQxIyQzIyQwMyQ0NjE0ODEjODEjJDEjJDYjJDgz,하나신경과의원,신경과,1,1,100,127.3928633,36.3390543,250000,대전,250003,대전서구,대전광역시 서구 계룡로 633 4층 (탄방동),042-535-4111,,0
JDU4MTI3MSM1MSMkMiMkMCMkMDAkNDgxMzUxIzIxIyQyIyQ5IyQwMCQzNjEyMjIjNzEjJDEjJDgjJDgz,하버드신경과의원,신경과,1,1,100,127.069301,37.2960904,310000,경기,312002,용인수지구,"경기도 용인시 수지구 광교중앙로 294 304호 (상현동, 엘리치안빌딩)",031-225-3080,,0
JDQ4MTYyMiM4MSMkMiMkNCMkMDAkMzgxMTkxIzMxIyQxIyQzIyQ3OSQzNjEyMjIjNTEjJDEjJDYjJDgz,하사랑신경과의원,신경과,1,1,100,128.5812189,35.2372384,380000,경남,380701,창원마산회원구,"경상남도 창원시 마산회원구 3·15대로 727 (합성동, 매디칼센타)",055-247-3031,,0
JDQ4MTYyMiM4MSMkMiMkMCMkMDAkNDgxOTYxIzMxIyQxIyQzIyQ4OSQyNjE4MzIjODEjJDEjJDYjJDgz,하양맑은신경과의원,신경과,1,1,100,128.8204793,35.9148918,370000,경북,371000,경산시,경상북도 경산시 하양읍 대학로 1536 3층,053-295-7575,,0
JDQ4MTYyMiM2MSMkMiMkNiMkMDAkMzgxOTYxIzIxIyQxIyQ1IyQ2MiQ0NjE0ODEjNDEjJDEjJDQjJDgz,하현주신경과의원,신경과,1,1,100,127.1170204,35.8063308,350000,전북,350401,전주완산구,전라북도 전주시 완산구 용머리로 62 3층 (효자동1가),063-227-7989,,0
JDQ4MTg4MSM1MSMkMiMkNCMkMDAkMzgxMzUxIzExIyQxIyQ3IyQxMyQyNjEyMjIjNTEjJDEjJDIjJDgz,한가정신경과의원,신경과,1,1,100,126.8986548,37.4937484,110000,서울,110013,영등포구,"서울특별시 영등포구 도림로 150 2층 (대림동, 미래빌딩)",02-849-9897,,0
JDQ4MTYyMiM4MSMkMiMkOCMkMDAkMzgxMzUxIzExIyQxIyQ3IyQ2MiQyNjE4MzIjNjEjJDEjJDQjJDgz,한국건강관리협회건강증진의원,신경과,1,14,7.142857143,126.4933012,33.4820349,390000,제주,390200,제주시,제주특별자치도 제주시 연북로 111 (연동),064-740-0200,http://jeju.kahp.or.kr,0
JDQ4MTYyMiM2MSMkMiMkMiMkMDAkNDgxMzUxIzIxIyQxIyQxIyQ5OSQyNjEyMjIjNTEjJDEjJDIjJDgz,한동균신경과의원,신경과,1,1,100,127.4342595,36.3486039,250000,대전,250004,대전동구,대전광역시 동구 동서대로 1661 1층 (용전동),042-710-7582,,0
JDQ4MTYyMiM1MSMkMiMkMCMkMDAkMzgxMzUxIzMxIyQyIyQ3IyQwMCQ0NjEwMDIjNDEjJDEjJDQjJDgz,한동수신경정신과의원,신경과,1,1,100,126.6805448,37.4605354,220000,인천,220001,인천미추홀구,인천광역시 미추홀구 미추홀대로 708 (주안동),032-423-3883,,0
JDQ4MTAxMiM1MSMkMiMkMCMkMDAkMzgxNzAyIzMxIyQxIyQ3IyQ3MiQzNjE4MzIjNDEjJDEjJDgjJDgz,한마음신경정신과의원,신경과,2,3,66.66666667,129.0736747,35.2064975,210000,부산,210003,부산동래구,부산광역시 동래구 충렬대로 117 (온천동),051-504-3131,,0
JDQ4MTg4MSM1MSMkMiMkMCMkMDAkNDgxNzAyIzUxIyQxIyQxIyQ4OSQyNjEyMjIjNTEjJDEjJDYjJDgz,한마음의원,신경과,1,1,100,127.0836354,37.5389541,110000,서울,110023,광진구,서울특별시 광진구 자양로 126 (구의동),02-455-2264,,0
JDQ4MTYyMiM1MSMkMiMkMCMkMDAkNDgxOTYxIzIxIyQxIyQ1IyQ4MiQyNjE4MzIjNDEjJDEjJDgjJDgz,한빛신경정신과의원,신경과,1,1,100,126.7763597,37.5040902,310000,경기,310300,부천시,경기도 부천시 신흥로 228 메디타워 (중동),032-325-7333,,0
JDQ4MTYyMiM4MSMkMiMkNCMkMDAkNDgxOTYxIzExIyQxIyQ3IyQ2MiQyNjEyMjIjNDEjJDEjJDgjJDgz,한상현신경과의원,신경과,1,1,100,128.0859393,35.0826269,380000,경남,380300,사천시,경상남도 사천시 사천읍 진삼로 1473 201호,055-795-6500,,0
JDQ4MTYyMiM3MSMkMiMkMCMkMDAkNDgxMzUxIzIxIyQxIyQxIyQ2MiQzNjE0ODEjNDEjJDEjJDgjJDgz,한신경과의원,신경과,1,1,100,127.5201739,34.9603919,360000,전남,360400,순천시,전라남도 순천시 신월큰길 9 4층 (조례동),061-724-9988,,0
JDQ4MTYyMiM1MSMkMiMkMCMkMDAkNDgxOTYxIzQxIyQxIyQ3IyQxMyQzNjEyMjIjNTEjJDEjJDIjJDgz,한양신경과의원,신경과,1,1,100,126.7032138,37.4434516,220000,인천,220006,인천남동구,"인천광역시 남동구 인하로507번길 4 2층 일부호 (구월동, 벽성빌딩)",433-2116,http://www.brainhappy.co.kr/index.asp,0
JDQ4MTAxMiM1MSMkMiMkMCMkMDAkMzgxNzAyIzQxIyQxIyQ3IyQ4OSQyNjE4MzIjNjEjJDEjJDgjJDgz,한정신건강의학과의원,신경과,1,3,33.33333333,129.0485724,35.1291356,210000,부산,210002,부산동구,부산광역시 동구 중앙대로 375 1층2층 (수정동),051-441-5071,,0
JDU4MTI3MSM1MSMkMiMkMCMkMDAkNDgxMTkxIzExIyQxIyQzIyQ5OSQ0NjEwMDIjNDEjJDEjJDQjJDgz,해맑은신경과의원,신경과,1,1,100,126.7689549,37.5045285,310000,경기,310300,부천시,"경기도 부천시 길주로 237 중동메디칼 303호, 305호 (중동)",032-721-7550,http://www.brainhappy.co.kr/,0
JDQ4MTg4MSM1MSMkMiMkNCMkMDAkMzgxNzAyIzIxIyQxIyQxIyQ4MiQzNjEyMjIjNjEjJDEjJDgjJDgz,허브신경과의원,신경과,1,1,100,127.0539652,37.4979543,110000,서울,110001,강남구,서울특별시 강남구 선릉로64길 20 4층 (대치동),02-6012-7840,http://www.hubclinic.com/,0
JDU4MTI3MSM1MSMkMiMkMCMkMDAkNDgxOTYxIzMxIyQyIyQzIyQwMCQzNjEyMjIjODEjJDEjJDYjJDgz,현대성심의원,신경과,1,1,100,127.2047808,37.8991571,310000,경기,312800,포천시,경기도 포천시 중앙로 147 (신읍동),031-532-7954,,0
JDQ4MTYyMiM2MSMkMiMkMiMkMDAkMzgxOTYxIzExIyQxIyQzIyQ5OSQzNjEwMDIjODEjJDEjJDIjJDgz,혜민신경정신과의원,신경과,1,1,100,127.1592533,36.8029931,340000,충남,340202,천안동남구,충청남도 천안시 동남구 충절로 177 (원성동),041-552-8017,,0
JDQ4MTYyMiM3MSMkMiMkMCMkMDAkNDgxMzUxIzIxIyQxIyQ1IyQ2MiQyNjEwMDIjNTEjJDEjJDIjJDgz,홍상훈신경과의원,신경과,1,1,100,126.9173791,35.134759,240000,광주,240005,광주남구,광주광역시 남구 용대로 208 2층 201호 (방림동),062-716-7396,,0
JDQ4MTYyMiM4MSMkMiMkMCMkMDAkNDgxOTYxIzExIyQxIyQ3IyQ3MiQzNjEwMDIjODEjJDEjJDYjJDgz,홍앤전신경과신경외과의원,신경과,1,3,33.33333333,128.6252536,35.8580912,230000,대구,230005,대구수성구,"대구광역시 수성구 동대구로 311 범어 애플타워 6층, 8층 (범어동)",053-743-0920,,0
JDQ4MTYyMiM4MSMkMiMkNCMkMDAkMzgxMTkxIzIxIyQxIyQxIyQ3MiQ0NjE0ODEjNzEjJDEjJDgjJDgz,홍의원,신경과,1,1,100,128.7493542,35.4925165,380000,경남,380900,밀양시,경상남도 밀양시 약산로 42 (내이동),055-355-8600,,0
JDU4MTI3MSM1MSMkMiMkMCMkMDAkMzgxMzUxIzUxIyQxIyQ1IyQ3OSQ0NjEwMDIjNDEjJDEjJDQjJDgz,화수성심의원,신경과,1,2,50,126.6331317,37.4827144,220000,인천,220002,인천동구,인천광역시 동구 화수로 43 2층 (화수동),032-763-2017,,0
JDQ4MTYyMiM3MSMkMiMkMCMkMDAkMzgxMTkxIzQxIyQxIyQ3IyQ5MiQ0NjE0ODEjNjEjJDEjJDgjJDgz,황인용신경과의원,신경과,3,3,100,127.5190029,34.9540717,360000,전남,360400,순천시,전라남도 순천시 이수로 321 6층 (조례동),724-5577,http://www.schwang.co.kr,0
JDQ4MTg4MSM1MSMkMiMkNCMkMDAkMzgxNzAyIzQxIyQyIyQ3IyQwMCQzNjEwMDIjODEjJDEjJDIjJDgz,흐린뒤맑음신경과의원,신경과,1,1,100,126.9828023,37.4870229,110000,서울,110021,서초구,"서울특별시 서초구 동작대로 118 501호 (방배동, 예다인프라자)",02-522-8275,http://www.brainclinic.co.kr,0
